image_id,healthy,multiple_diseases,rust,scab
test_0,0.8087759,0.058736563,0.007157854,0.12532972
test_1,0.8035629,0.059401717,0.0072989217,0.12973657
test_2,0.8019029,0.057615694,0.006916478,0.13356496
test_3,0.8008354,0.05980889,0.0073175677,0.13203816
test_4,0.80780536,0.059416126,0.007633602,0.12514488
test_5,0.8046372,0.060162425,0.0074499813,0.12775044
test_6,0.8064359,0.05561113,0.0069361334,0.13101691
test_7,0.79968727,0.057508565,0.0069194417,0.13588475
test_8,0.8045498,0.05795505,0.0069957515,0.13049942
test_9,0.801127,0.058267802,0.00713001,0.13347515
test_10,0.80723315,0.05910255,0.007380052,0.12628424
test_11,0.8074031,0.0586073,0.007224794,0.12676488
test_12,0.8164663,0.05842112,0.0070525263,0.11806007
test_13,0.8056939,0.059104748,0.0073188054,0.12788257
test_14,0.81268996,0.056784336,0.0068953065,0.12363038
test_15,0.80334985,0.06180192,0.007972669,0.12687556
test_16,0.80990523,0.05930143,0.007505307,0.12328803
test_17,0.8039037,0.059462298,0.00711663,0.1295173
test_18,0.80579996,0.057807077,0.0069934768,0.12939955
test_19,0.799924,0.059533253,0.0073730485,0.13316964
test_20,0.7974882,0.058287643,0.007109853,0.13711426
test_21,0.8029262,0.057380848,0.007302569,0.13239047
test_22,0.80067843,0.059307463,0.0072640786,0.13275002
test_23,0.79983526,0.05905035,0.0072202883,0.13389418
test_24,0.8156554,0.05831376,0.007721332,0.11830953
test_25,0.802922,0.05960474,0.007329676,0.13014363
test_26,0.8089108,0.06392966,0.009030979,0.11812854
test_27,0.8111986,0.058891814,0.007163715,0.12274595
test_28,0.79868823,0.05925883,0.0072690668,0.13478395
test_29,0.82366896,0.056866497,0.006944129,0.11252034
test_30,0.8029751,0.058739413,0.007189792,0.13109566
test_31,0.8010303,0.058662236,0.007457172,0.13285029
test_32,0.8049859,0.05921274,0.0073031154,0.12849823
test_33,0.8001809,0.059940297,0.0076003913,0.1322784
test_34,0.8081976,0.060387548,0.008082416,0.1233324
test_35,0.79805666,0.060040843,0.007420153,0.13448232
test_36,0.8121934,0.058066174,0.007136863,0.12260351
test_37,0.8112869,0.056416266,0.0067097624,0.12558708
test_38,0.8033946,0.05761787,0.0071204784,0.13186702
test_39,0.8147358,0.058883574,0.0075941645,0.11878646
test_40,0.8091409,0.060910054,0.008208188,0.12174081
test_41,0.8209387,0.058891498,0.007166171,0.11300356
test_42,0.81366074,0.063998565,0.009308928,0.11303172
test_43,0.8077352,0.05722718,0.006911528,0.12812607
test_44,0.82026714,0.063333325,0.008542709,0.107856765
test_45,0.7990881,0.059641417,0.007377118,0.1338934
test_46,0.8065811,0.058320135,0.0070953076,0.12800354
test_47,0.79655707,0.059903033,0.0074781207,0.13606168
test_48,0.79991657,0.059373163,0.007218065,0.13349219
test_49,0.80076295,0.05793956,0.0069506466,0.13434687
test_50,0.7991044,0.05956248,0.00727751,0.1340556
test_51,0.80191725,0.058752764,0.00714572,0.13218428
test_52,0.8124862,0.05652815,0.007541014,0.12344466
test_53,0.81124645,0.057043597,0.007657629,0.12405239
test_54,0.8177851,0.05823532,0.007476554,0.116503045
test_55,0.81067634,0.059120767,0.007732131,0.122470774
test_56,0.79943925,0.059123274,0.0072564995,0.13418101
test_57,0.8298015,0.053204816,0.0064091366,0.11058453
test_58,0.7990217,0.059105553,0.0071839876,0.13468882
test_59,0.80073935,0.058106538,0.007164937,0.13398911
test_60,0.81306124,0.05914185,0.0074684797,0.12032845
test_61,0.8038109,0.05935216,0.007364504,0.12947246
test_62,0.80218136,0.059317727,0.0072412463,0.13125965
test_63,0.8068812,0.057332695,0.006964728,0.12882133
test_64,0.80140245,0.059816264,0.007826308,0.13095504
test_65,0.8033129,0.060772263,0.007608972,0.12830588
test_66,0.80827695,0.060431488,0.0075306506,0.1237609
test_67,0.79854864,0.057976,0.007092742,0.1363827
test_68,0.8197833,0.056995753,0.007825165,0.115395814
test_69,0.79797596,0.058746822,0.007162458,0.13611472
test_70,0.8184128,0.05722146,0.008224896,0.11614092
test_71,0.8044065,0.05860582,0.0070929714,0.12989466
test_72,0.81060976,0.05968136,0.007987638,0.12172122
test_73,0.8014679,0.059733503,0.007307041,0.13149157
test_74,0.80838025,0.059610773,0.0075339763,0.12447503
test_75,0.8118675,0.0536529,0.0063329507,0.12814659
test_76,0.8028622,0.058547005,0.0071013025,0.13148944
test_77,0.8131842,0.060968563,0.007886073,0.11796111
test_78,0.7989932,0.058634337,0.0071784267,0.13519411
test_79,0.8123386,0.05616038,0.0068226242,0.1246784
test_80,0.80954444,0.058810256,0.00805972,0.123585545
test_81,0.81850004,0.0623728,0.009198357,0.109928794
test_82,0.8126455,0.060876932,0.008050068,0.1184275
test_83,0.8135325,0.05948066,0.0076546436,0.11933232
test_84,0.81187093,0.05675284,0.0069908337,0.12438536
test_85,0.7948827,0.05941469,0.007259588,0.13844298
test_86,0.79652727,0.058740865,0.007155532,0.13757637
test_87,0.81547296,0.059443116,0.007297517,0.1177864
test_88,0.7985521,0.058705986,0.007135672,0.1356062
test_89,0.82813907,0.059009053,0.008814997,0.10403689
test_90,0.79812,0.05912433,0.0072709545,0.13548465
test_91,0.7987287,0.058584176,0.007165041,0.13552213
test_92,0.8016667,0.059439216,0.0072578844,0.13163617
test_93,0.8049512,0.060023285,0.007463871,0.12756172
test_94,0.8158048,0.062111054,0.009908961,0.11217521
test_95,0.7987874,0.05955335,0.007343554,0.13431576
test_96,0.7974127,0.06009379,0.0073848697,0.1351086
test_97,0.8063203,0.057541285,0.0069405846,0.1291978
test_98,0.8010589,0.05962829,0.007411417,0.13190143
test_99,0.8065669,0.05520634,0.0068090013,0.13141775
test_100,0.7983082,0.057932902,0.0069307797,0.13682811
test_101,0.8137239,0.057715006,0.007047927,0.12151321
test_102,0.8093317,0.0583125,0.007800689,0.12455511
test_103,0.8008729,0.06191054,0.0077210874,0.12949544
test_104,0.8032646,0.058871206,0.0072017186,0.1306625
test_105,0.807964,0.059379905,0.007508366,0.12514775
test_106,0.80013204,0.05765467,0.0069672205,0.1352461
test_107,0.80113435,0.05834182,0.007267081,0.13325681
test_108,0.8056875,0.05897832,0.0071960757,0.12813808
test_109,0.8032588,0.057277244,0.0069810124,0.13248295
test_110,0.79785794,0.058566734,0.0071136067,0.13646166
test_111,0.80840737,0.058104042,0.006970163,0.12651841
test_112,0.81001884,0.059674863,0.007569549,0.12273666
test_113,0.80865914,0.05851015,0.008377408,0.124453224
test_114,0.8112584,0.05511465,0.006445289,0.12718163
test_115,0.80637765,0.06021398,0.007455637,0.12595268
test_116,0.79759955,0.05967669,0.007343474,0.13538022
test_117,0.7998629,0.059805684,0.0075731846,0.13275814
test_118,0.8023832,0.060057018,0.0074665044,0.13009337
test_119,0.8043487,0.058499068,0.007031582,0.13012062
test_120,0.7973476,0.058903944,0.00739164,0.1363568
test_121,0.80206203,0.058850788,0.0071006864,0.13198644
test_122,0.80583066,0.061531916,0.0076504457,0.124987006
test_123,0.79938656,0.058643624,0.0071408055,0.13482903
test_124,0.80676836,0.055396315,0.006697392,0.13113798
test_125,0.7995674,0.059089515,0.0071112113,0.13423184
test_126,0.81637824,0.060959615,0.008573715,0.1140884
test_127,0.7983907,0.059985656,0.0073557124,0.13426793
test_128,0.8047677,0.058171235,0.0070808954,0.12998018
test_129,0.8084297,0.056247935,0.0070541543,0.12826818
test_130,0.80292964,0.05898735,0.0070686243,0.13101445
test_131,0.8170229,0.060249094,0.00912352,0.11360441
test_132,0.8124738,0.058070794,0.0075638457,0.1218916
test_133,0.8021029,0.060235117,0.0073538655,0.13030809
test_134,0.80812615,0.057935923,0.007014656,0.12692332
test_135,0.7973314,0.05847914,0.0071067642,0.13708268
test_136,0.80498517,0.059406597,0.0072427215,0.12836549
test_137,0.8047719,0.061103858,0.0075642066,0.12656006
test_138,0.79714143,0.058575172,0.007183673,0.13709971
test_139,0.8065653,0.05805854,0.0071308464,0.12824538
test_140,0.7970228,0.060170442,0.007538989,0.13526766
test_141,0.80228907,0.058918964,0.007242111,0.1315499
test_142,0.8175788,0.057956677,0.0074926037,0.11697189
test_143,0.80059516,0.058540147,0.0071257725,0.13373892
test_144,0.79777884,0.05956855,0.007372955,0.1352796
test_145,0.81334203,0.060279567,0.008291781,0.11808662
test_146,0.8015394,0.058322053,0.0070069265,0.13313165
test_147,0.81327593,0.06260465,0.00810454,0.11601493
test_148,0.80230284,0.05802856,0.0071075037,0.13256115
test_149,0.7999552,0.058079258,0.0071462975,0.13481928
test_150,0.80092937,0.05930058,0.0072036907,0.13256638
test_151,0.8099098,0.0601933,0.007497424,0.1223994
test_152,0.8076826,0.059821032,0.007481823,0.12501463
test_153,0.7983314,0.058702633,0.0072381105,0.1357279
test_154,0.8004048,0.05786841,0.0069918847,0.13473496
test_155,0.8090229,0.060097814,0.007474229,0.1234051
test_156,0.79992,0.05754475,0.006993947,0.13554119
test_157,0.81084275,0.061964992,0.007946756,0.11924547
test_158,0.8064091,0.058915216,0.007369418,0.12730622
test_159,0.81980026,0.055954516,0.0071730935,0.11707204
test_160,0.80976295,0.056939635,0.0069683664,0.12632902
test_161,0.8052052,0.059902776,0.00729602,0.12759593
test_162,0.8058977,0.0598751,0.0073001776,0.126927
test_163,0.798158,0.058697358,0.0071515823,0.13599305
test_164,0.7985932,0.057495065,0.00693756,0.13697414
test_165,0.797902,0.06078985,0.007591824,0.13371629
test_166,0.8053777,0.056181345,0.0067288033,0.13171217
test_167,0.81038827,0.056653,0.0071334983,0.12582521
test_168,0.82156587,0.057298418,0.0072447043,0.113891035
test_169,0.8029921,0.05817325,0.006954226,0.13188042
test_170,0.80157727,0.058627874,0.0071453513,0.13264954
test_171,0.80266833,0.057432745,0.007120775,0.1327782
test_172,0.79749537,0.059218306,0.0072202426,0.13606614
test_173,0.79940367,0.058934845,0.0071456325,0.13451578
test_174,0.8139222,0.06099898,0.008068407,0.11701042
test_175,0.7991245,0.059122533,0.007243228,0.13450974
test_176,0.8066536,0.060571168,0.0081387,0.12463652
test_177,0.7977365,0.05893807,0.007285128,0.13604026
test_178,0.8109021,0.06216981,0.008861512,0.11806658
test_179,0.80888224,0.05570446,0.006616641,0.12879659
test_180,0.8067614,0.058920015,0.007908178,0.12641044
test_181,0.80133975,0.057790034,0.0069165956,0.13395366
test_182,0.80361867,0.059636675,0.0073357625,0.12940888
test_183,0.79742646,0.058926076,0.0072294017,0.1364181
test_184,0.8098121,0.05675476,0.0076501244,0.12578303
test_185,0.8006551,0.06289358,0.008578601,0.12787274
test_186,0.8059222,0.059535608,0.0072883265,0.12725383
test_187,0.809808,0.060082477,0.007666622,0.12244282
test_188,0.80268675,0.05858292,0.007123254,0.1316071
test_189,0.8075775,0.05782366,0.0070319623,0.12756683
test_190,0.80160725,0.06222607,0.008032583,0.12813413
test_191,0.79968923,0.059079997,0.007182933,0.13404787
test_192,0.7998777,0.058977846,0.0072933147,0.13385114
test_193,0.8090795,0.0556477,0.0068401513,0.12843259
test_194,0.80423295,0.060745787,0.007953133,0.1270681
test_195,0.79972976,0.05913565,0.007218575,0.13391595
test_196,0.7987513,0.05853512,0.00713359,0.13557999
test_197,0.7986571,0.058664996,0.007194686,0.13548322
test_198,0.80643624,0.059316486,0.0072492724,0.12699804
test_199,0.8132333,0.05790577,0.007385415,0.12147546
test_200,0.8053944,0.0581558,0.007624782,0.12882505
test_201,0.7995937,0.059681065,0.0074112955,0.13331394
test_202,0.807626,0.057338912,0.0081811715,0.12685385
test_203,0.79498774,0.05895628,0.007282739,0.13877326
test_204,0.8010674,0.05920165,0.007378617,0.1323523
test_205,0.8109721,0.059893083,0.0074386625,0.121696115
test_206,0.8014457,0.05919249,0.0073109996,0.13205075
test_207,0.8009056,0.05934433,0.0072291917,0.13252087
test_208,0.8075054,0.059504166,0.0073686317,0.12562175
test_209,0.8040995,0.061053928,0.0076568057,0.12718974
test_210,0.79840493,0.059322383,0.007203792,0.1350689
test_211,0.79720294,0.060292087,0.007548773,0.1349562
test_212,0.81061256,0.0581405,0.0070009474,0.12424595
test_213,0.80516034,0.06021022,0.0077694436,0.12685995
test_214,0.79860556,0.059213072,0.007256422,0.13492492
test_215,0.8145333,0.05771631,0.008195814,0.11955464
test_216,0.801233,0.05972016,0.0074983104,0.13154851
test_217,0.80211556,0.05950553,0.0073031425,0.13107577
test_218,0.7991658,0.059542824,0.007371888,0.13391945
test_219,0.79708654,0.05917524,0.007281772,0.13645652
test_220,0.8003282,0.05895396,0.0072185295,0.13349932
test_221,0.79633933,0.058808774,0.007229685,0.13762225
test_222,0.8019321,0.05934944,0.007176851,0.13154164
test_223,0.80008066,0.059306204,0.0071537434,0.13345937
test_224,0.799459,0.058454003,0.0071045496,0.1349825
test_225,0.80350727,0.05832175,0.00720362,0.13096735
test_226,0.81916624,0.058951374,0.0075378814,0.114344545
test_227,0.80403954,0.058224022,0.007167388,0.13056901
test_228,0.79995614,0.058719795,0.007337929,0.13398615
test_229,0.8160602,0.05874973,0.0073638563,0.117826246
test_230,0.8099629,0.059114598,0.0074976725,0.12342475
test_231,0.7980141,0.058409046,0.007074943,0.13650195
test_232,0.7996322,0.058696285,0.0071602655,0.13451128
test_233,0.8095024,0.05812664,0.007137122,0.12523381
test_234,0.8153157,0.05536271,0.006491773,0.12282983
test_235,0.7986132,0.059222303,0.0072476533,0.1349169
test_236,0.801177,0.057436258,0.0070511107,0.13433562
test_237,0.7993788,0.059941176,0.0073803645,0.1332996
test_238,0.7953678,0.05921227,0.0073003857,0.13811952
test_239,0.79804593,0.05928163,0.0072208117,0.13545166
test_240,0.80183303,0.05908777,0.0073465304,0.13173266
test_241,0.7985298,0.060145248,0.007324918,0.13400002
test_242,0.8117522,0.05915453,0.0073620584,0.12173122
test_243,0.8000548,0.059024762,0.007236786,0.13368371
test_244,0.7993758,0.05822736,0.0071325493,0.13526432
test_245,0.7954044,0.060393244,0.007494798,0.13670754
test_246,0.81387734,0.057523686,0.0072616576,0.12133731
test_247,0.8072439,0.05949001,0.007464041,0.12580206
test_248,0.7990282,0.05915949,0.0072526885,0.13455954
test_249,0.80013764,0.057862658,0.0070955288,0.13490412
test_250,0.81294066,0.05931314,0.007142207,0.12060402
test_251,0.8044109,0.059027873,0.0072350563,0.1293262
test_252,0.8081733,0.058885418,0.0072394568,0.12570173
test_253,0.80242354,0.05910192,0.0074510886,0.13102342
test_254,0.8012642,0.058770943,0.0071137436,0.13285111
test_255,0.80701417,0.058381718,0.0072013456,0.12740274
test_256,0.80627966,0.058389526,0.007053163,0.1282776
test_257,0.7998348,0.05895909,0.0073205526,0.13388559
test_258,0.80472755,0.059552483,0.007354192,0.12836577
test_259,0.7998597,0.05844748,0.0071729217,0.13451985
test_260,0.80371034,0.062001243,0.008969086,0.12531926
test_261,0.8003239,0.059081364,0.0072174957,0.13337722
test_262,0.80189747,0.05985742,0.0074215895,0.13082348
test_263,0.802205,0.056885485,0.006713229,0.1341963
test_264,0.80866945,0.059295308,0.008012026,0.124023244
test_265,0.79932547,0.058822215,0.0071006673,0.13475165
test_266,0.80403984,0.059212044,0.007341634,0.12940644
test_267,0.8046702,0.058901496,0.0071744337,0.12925388
test_268,0.8093637,0.05896515,0.0077820932,0.12388909
test_269,0.79908043,0.059234057,0.0072821267,0.13440341
test_270,0.8023255,0.060335524,0.007456084,0.12988292
test_271,0.79682493,0.060455702,0.0075481413,0.1351712
test_272,0.80298567,0.05899442,0.007246077,0.13077393
test_273,0.80138475,0.06225659,0.007791692,0.12856692
test_274,0.814233,0.058716632,0.0069948137,0.12005553
test_275,0.7995881,0.05927594,0.0075552515,0.13358068
test_276,0.80234987,0.055917762,0.006722046,0.13501027
test_277,0.80288,0.058044612,0.007271833,0.13180359
test_278,0.8088467,0.060442913,0.0075446703,0.12316573
test_279,0.80562985,0.058331244,0.0071562654,0.12888262
test_280,0.8055355,0.05995946,0.0073401756,0.12716489
test_281,0.8041805,0.05915247,0.0072493018,0.12941778
test_282,0.8141362,0.057578076,0.0068187467,0.12146692
test_283,0.7997672,0.059373472,0.007347676,0.1335116
test_284,0.7979899,0.058006667,0.0071159275,0.1368875
test_285,0.7969275,0.057292018,0.006956277,0.13882425
test_286,0.80740166,0.05767545,0.0069790543,0.12794377
test_287,0.8059273,0.060031217,0.007379688,0.12666184
test_288,0.7995428,0.0588054,0.0071690516,0.13448274
test_289,0.8173765,0.058950387,0.0075963135,0.11607677
test_290,0.7954535,0.05907721,0.007320684,0.13814868
test_291,0.8104301,0.058958244,0.007165729,0.12344593
test_292,0.81475437,0.05760444,0.0070966133,0.12054465
test_293,0.8015023,0.05936452,0.0072263586,0.1319069
test_294,0.8009137,0.057498764,0.0069474475,0.13464017
test_295,0.8032536,0.05869407,0.0071525346,0.1308998
test_296,0.79904145,0.057802245,0.0072028073,0.13595344
test_297,0.8029141,0.058805928,0.00751752,0.13076246
test_298,0.79873735,0.05898643,0.0072438763,0.13503242
test_299,0.7987229,0.060655408,0.008238087,0.13238366
test_300,0.8018438,0.05889795,0.007219162,0.132039
test_301,0.8116653,0.060289636,0.007415833,0.120629184
test_302,0.7964434,0.05922907,0.007363882,0.13696364
test_303,0.80780286,0.058044516,0.007213118,0.12693948
test_304,0.79493344,0.058782343,0.0072043617,0.13907985
test_305,0.8062026,0.055664912,0.0073980526,0.13073452
test_306,0.79813296,0.05819471,0.0071453545,0.13652697
test_307,0.80364966,0.05747802,0.006902921,0.13196936
test_308,0.80960745,0.059846908,0.007321343,0.123224325
test_309,0.80279684,0.059067097,0.0072230524,0.13091297
test_310,0.8041185,0.059826665,0.007419828,0.128635
test_311,0.79899865,0.060344,0.007925985,0.13273129
test_312,0.7987517,0.0592768,0.007262383,0.13470908
test_313,0.81486064,0.057722166,0.0070391973,0.12037796
test_314,0.8145946,0.058070216,0.007967109,0.1193681
test_315,0.80171627,0.06268087,0.008101252,0.1275016
test_316,0.7996191,0.059058767,0.007309922,0.13401224
test_317,0.8070072,0.05905193,0.007572149,0.12636873
test_318,0.79964435,0.058798194,0.0071892636,0.13436818
test_319,0.8129832,0.05938679,0.007984883,0.11964505
test_320,0.803977,0.057779692,0.006982602,0.13126066
test_321,0.8089845,0.0571425,0.006772378,0.12710062
test_322,0.81583285,0.05690401,0.008072094,0.11919103
test_323,0.7982349,0.059346925,0.007287295,0.1351309
test_324,0.8052162,0.060086895,0.0077171926,0.12697977
test_325,0.8093773,0.058690984,0.007195051,0.12473675
test_326,0.79698354,0.058943186,0.0072356784,0.13683766
test_327,0.8147431,0.059520382,0.007643321,0.11809318
test_328,0.799265,0.05844288,0.0071605626,0.13513143
test_329,0.8133625,0.059469394,0.007746739,0.11942141
test_330,0.8007219,0.058551967,0.007173128,0.13355306
test_331,0.80012363,0.057066828,0.0069973418,0.13581221
test_332,0.798744,0.05869725,0.007148815,0.13540986
test_333,0.801074,0.057811968,0.006991354,0.13412261
test_334,0.8073164,0.0583099,0.007583711,0.12678996
test_335,0.8073558,0.05674138,0.006763218,0.12913956
test_336,0.7945216,0.058938764,0.007434187,0.1391055
test_337,0.8054366,0.060080733,0.007480793,0.12700184
test_338,0.80412287,0.05905986,0.00718259,0.12963474
test_339,0.7974388,0.057417408,0.0071430705,0.13800076
test_340,0.82632,0.054849554,0.006918893,0.11191153
test_341,0.8018765,0.06018622,0.007406049,0.13053125
test_342,0.831271,0.056729894,0.008359383,0.1036397
test_343,0.8011757,0.058864105,0.007153983,0.13280614
test_344,0.80659354,0.060176343,0.0076216054,0.12560855
test_345,0.800637,0.057943814,0.0070648347,0.13435431
test_346,0.79643834,0.058796417,0.007187868,0.13757734
test_347,0.79836833,0.058770668,0.007271147,0.13558984
test_348,0.8066222,0.059532303,0.007273868,0.12657154
test_349,0.79977757,0.05854881,0.0071376516,0.13453588
test_350,0.8024427,0.05946801,0.0073701437,0.13071911
test_351,0.79876816,0.058856692,0.007214569,0.13516057
test_352,0.8015885,0.061768174,0.0078026485,0.12884068
test_353,0.7962192,0.05767587,0.0069874837,0.13911748
test_354,0.8029594,0.058932446,0.0072527356,0.13085549
test_355,0.7969825,0.058893584,0.007270532,0.13685331
test_356,0.81714916,0.05874612,0.0071899416,0.11691481
test_357,0.80504054,0.059017915,0.0073290966,0.1286124
test_358,0.8150456,0.058821015,0.008094409,0.11803902
test_359,0.8040072,0.058698405,0.0071418276,0.13015257
test_360,0.8006583,0.059416417,0.007277267,0.13264805
test_361,0.8148343,0.05644321,0.006766474,0.12195612
test_362,0.8091575,0.05823736,0.007141562,0.12546353
test_363,0.81034815,0.059031915,0.0075248424,0.12309514
test_364,0.80234045,0.058376353,0.0071008815,0.13218233
test_365,0.8047322,0.058726918,0.0076846764,0.12885626
test_366,0.7981571,0.059998136,0.007440703,0.13440403
test_367,0.8067495,0.0591562,0.0073754475,0.12671886
test_368,0.8084181,0.05961159,0.007800381,0.12416989
test_369,0.7989183,0.059323438,0.0072748098,0.13448341
test_370,0.80616546,0.056893192,0.0068888627,0.13005243
test_371,0.8016325,0.058891833,0.007130679,0.13234502
test_372,0.8005144,0.058234777,0.007085775,0.13416496
test_373,0.8161255,0.06131108,0.008976769,0.113586664
test_374,0.79585326,0.058454458,0.0071654567,0.13852677
test_375,0.8010232,0.059869062,0.0073185447,0.13178915
test_376,0.8088151,0.05869462,0.007119457,0.12537082
test_377,0.819084,0.06023823,0.008214965,0.112462774
test_378,0.8062858,0.057237137,0.0070179207,0.12945916
test_379,0.799757,0.058694027,0.007120502,0.1344285
test_380,0.8016631,0.058547325,0.007092069,0.13269746
test_381,0.8200598,0.05618249,0.0077734934,0.11598421
test_382,0.8008997,0.057555042,0.0071160085,0.13442932
test_383,0.7970515,0.059085105,0.007306301,0.13655718
test_384,0.7981763,0.0593456,0.007307976,0.13517012
test_385,0.79832536,0.057902966,0.0070111775,0.13676056
test_386,0.8062527,0.061055418,0.0076970197,0.12499486
test_387,0.80018497,0.057223804,0.00687011,0.13572118
test_388,0.8108304,0.056050647,0.0068178037,0.12630118
test_389,0.80199546,0.061309207,0.0076170117,0.12907828
test_390,0.8083736,0.059022333,0.0072472086,0.12535693
test_391,0.81410897,0.05968363,0.007766752,0.11844071
test_392,0.79166657,0.06192531,0.00803757,0.13837053
test_393,0.81031954,0.061650604,0.008085097,0.11994467
test_394,0.8168178,0.0586063,0.0078380145,0.11673788
test_395,0.79951763,0.058900006,0.0072255926,0.13435674
test_396,0.79764,0.058121897,0.0071415487,0.1370966
test_397,0.8077819,0.05838282,0.0072122947,0.12662295
test_398,0.7997788,0.05913809,0.0073035695,0.13377953
test_399,0.79787207,0.059078638,0.0072767925,0.1357725
test_400,0.8043984,0.058743495,0.0071349354,0.12972313
test_401,0.8066585,0.056479912,0.006840882,0.13002072
test_402,0.79972726,0.05946603,0.0073065963,0.13350016
test_403,0.81811935,0.058041856,0.008047096,0.11579164
test_404,0.8043936,0.060010713,0.0074466714,0.12814899
test_405,0.7966091,0.059938166,0.0073088543,0.13614385
test_406,0.7959578,0.058513183,0.007161072,0.138368
test_407,0.80687785,0.059352294,0.0077400636,0.12602977
test_408,0.817278,0.057159223,0.007087006,0.118475705
test_409,0.80816627,0.058164958,0.0070889103,0.12657993
test_410,0.80533504,0.05998285,0.0074315923,0.12725057
test_411,0.79891413,0.05831455,0.007210804,0.13556048
test_412,0.7975149,0.05865241,0.007158333,0.13667428
test_413,0.79886156,0.059357673,0.0072993757,0.13448139
test_414,0.81182235,0.057942886,0.0076609203,0.122573905
test_415,0.80429715,0.057871036,0.00713584,0.13069595
test_416,0.8000138,0.05881327,0.007108331,0.1340646
test_417,0.8049204,0.05759714,0.0075130854,0.12996934
test_418,0.80682355,0.059414964,0.007220727,0.12654075
test_419,0.7973456,0.05876615,0.0073647276,0.13652351
test_420,0.7982794,0.058302805,0.0071473443,0.13627042
test_421,0.8302636,0.05569219,0.0069671487,0.1070771
test_422,0.8108669,0.0620232,0.00854579,0.118564114
test_423,0.8002762,0.060328603,0.0074343104,0.13196088
test_424,0.80168074,0.05853356,0.0071296636,0.13265596
test_425,0.82173824,0.059336744,0.007460575,0.1114645
test_426,0.8115904,0.057964504,0.008154509,0.122290544
test_427,0.7997957,0.058738902,0.007132298,0.13433316
test_428,0.7985909,0.0583972,0.0074216267,0.13559026
test_429,0.8052235,0.055855222,0.0065830015,0.13233827
test_430,0.8034272,0.058314998,0.00701547,0.13124222
test_431,0.8110259,0.057047576,0.007059384,0.1248671
test_432,0.8003048,0.05800553,0.0070206765,0.13466905
test_433,0.79648185,0.058287323,0.0070977663,0.13813306
test_434,0.800445,0.05832759,0.0070649157,0.13416241
test_435,0.80550647,0.06305617,0.008601091,0.12283626
test_436,0.810984,0.061607152,0.00861012,0.1187987
test_437,0.79815894,0.059059285,0.0071841935,0.13559762
test_438,0.8136819,0.058567356,0.0073734773,0.12037727
test_439,0.80577767,0.05825199,0.0072807437,0.12868956
test_440,0.7996038,0.059720986,0.007330506,0.1333447
test_441,0.80135316,0.059735313,0.0073197824,0.13159186
test_442,0.8080842,0.05761983,0.0072078444,0.12708813
test_443,0.80047756,0.058492016,0.0070938733,0.13393655
test_444,0.8092902,0.06257445,0.007819608,0.120315745
test_445,0.8185684,0.057550542,0.0070747947,0.11680625
test_446,0.7989094,0.059765514,0.0073613618,0.13396378
test_447,0.8014342,0.060679384,0.008051984,0.12983438
test_448,0.79954875,0.059226196,0.0072293133,0.1339958
test_449,0.80442053,0.058245856,0.007203486,0.13013013
test_450,0.79807276,0.05883083,0.0072074593,0.13588892
test_451,0.8061039,0.059890516,0.00741572,0.12658995
test_452,0.8206496,0.05721037,0.007642291,0.11449774
test_453,0.7982614,0.05897256,0.007156804,0.13560928
test_454,0.79916584,0.058783326,0.0071095107,0.13494132
test_455,0.80403656,0.05799941,0.006960891,0.13100317
test_456,0.80232185,0.058389906,0.007408106,0.13188009
test_457,0.8004061,0.059664134,0.007850476,0.13207929
test_458,0.8016905,0.059151396,0.007194601,0.13196358
test_459,0.8071271,0.05902827,0.007594586,0.12625003
test_460,0.80289805,0.057031836,0.0068501807,0.13321994
test_461,0.8061921,0.05750845,0.006896206,0.12940328
test_462,0.80088216,0.059415884,0.0072880234,0.13241397
test_463,0.81718993,0.06185509,0.008745218,0.11220983
test_464,0.81237555,0.059408113,0.008157846,0.120058395
test_465,0.8011263,0.05740195,0.007002477,0.13446927
test_466,0.8021457,0.058065664,0.0070427605,0.13274583
test_467,0.80727535,0.057221983,0.0069700875,0.1285326
test_468,0.79940355,0.05821424,0.0070935055,0.1352887
test_469,0.801147,0.06021348,0.0075053894,0.1311342
test_470,0.8056244,0.05813345,0.0072391056,0.12900294
test_471,0.7983987,0.059145823,0.007365613,0.13508984
test_472,0.81762785,0.05734449,0.0071913823,0.11783624
test_473,0.80977696,0.060360517,0.0075755487,0.122287005
test_474,0.7967404,0.05946305,0.0073210024,0.13647555
test_475,0.8001699,0.0597905,0.007307768,0.13273183
test_476,0.8133041,0.057135254,0.0072043166,0.12235633
test_477,0.7974553,0.058627136,0.0072330777,0.1366844
test_478,0.8037239,0.061587434,0.0076985713,0.12699011
test_479,0.8033229,0.05735903,0.006881457,0.13243663
test_480,0.8094714,0.060432285,0.0074348557,0.12266144
test_481,0.8089469,0.05833416,0.0070307027,0.12568823
test_482,0.79644734,0.058599252,0.0071847145,0.13776863
test_483,0.8023228,0.057304982,0.0069482937,0.13342388
test_484,0.80874103,0.059021775,0.0075122975,0.12472487
test_485,0.8161631,0.056632247,0.0067902347,0.12041434
test_486,0.80357164,0.05818412,0.007075424,0.13116877
test_487,0.82189566,0.057925195,0.0073122242,0.112866856
test_488,0.7974719,0.061276067,0.0076804096,0.13357171
test_489,0.7966959,0.05858461,0.00709544,0.13762404
test_490,0.79942864,0.0590437,0.0072438465,0.13428372
test_491,0.8024674,0.059822623,0.007238445,0.13047157
test_492,0.80811924,0.059251405,0.0072195637,0.12540981
test_493,0.8004404,0.059278008,0.007185462,0.13309616
test_494,0.8019657,0.05887023,0.0073380615,0.13182603
test_495,0.8014723,0.0608634,0.0076847426,0.12997954
test_496,0.80121636,0.057114895,0.0068855453,0.13478321
test_497,0.80032223,0.05808614,0.007055921,0.1345357
test_498,0.8015871,0.059388928,0.0073298593,0.13169415
test_499,0.8000665,0.058581177,0.0071900925,0.13416225
test_500,0.79824966,0.058469016,0.007276055,0.13600527
test_501,0.80856866,0.06035064,0.007649444,0.123431236
test_502,0.8205884,0.05543953,0.007238332,0.11673377
test_503,0.8161332,0.058270715,0.007492184,0.11810395
test_504,0.80481,0.0575378,0.00709364,0.13055852
test_505,0.8056737,0.058909323,0.007073665,0.1283433
test_506,0.80373985,0.059913915,0.007389581,0.12895663
test_507,0.8001109,0.058048137,0.0072512594,0.13458978
test_508,0.80078524,0.05982683,0.007291778,0.13209619
test_509,0.8074929,0.057446845,0.006873043,0.12818721
test_510,0.7966269,0.058587007,0.0073084915,0.1374776
test_511,0.8044922,0.057472408,0.00682623,0.13120915
test_512,0.8055856,0.058816656,0.0072953114,0.12830244
test_513,0.8046188,0.05550887,0.007258474,0.13261384
test_514,0.82247627,0.060023338,0.008601009,0.10889932
test_515,0.8008644,0.058972925,0.0072526326,0.1329101
test_516,0.81140786,0.06243685,0.0082072895,0.11794797
test_517,0.80223244,0.05802713,0.0070409365,0.13269949
test_518,0.8023159,0.059985913,0.007390092,0.13030812
test_519,0.8053214,0.05795009,0.0069847726,0.12974364
test_520,0.8097748,0.058159467,0.007869356,0.12419634
test_521,0.79551214,0.05791696,0.007104702,0.13946624
test_522,0.7990897,0.05877452,0.0072085992,0.13492711
test_523,0.8040713,0.057507623,0.007114728,0.1313063
test_524,0.8088953,0.061061382,0.007963047,0.12208031
test_525,0.8030519,0.05870863,0.0070088864,0.13123058
test_526,0.80938244,0.059788156,0.007497613,0.123331785
test_527,0.8065246,0.059827726,0.0073758634,0.12627187
test_528,0.8252202,0.05588698,0.006610323,0.112282395
test_529,0.810013,0.057445053,0.0072216154,0.12532032
test_530,0.803846,0.060731824,0.007498115,0.1279241
test_531,0.7980131,0.059635337,0.0072953235,0.13505624
test_532,0.80066675,0.058890853,0.0071553485,0.13328704
test_533,0.8219442,0.05667383,0.007865202,0.11351682
test_534,0.79991317,0.058420546,0.007194455,0.13447185
test_535,0.81615686,0.0562379,0.0073006176,0.12030467
test_536,0.79890203,0.062330812,0.007847869,0.1309193
test_537,0.7997627,0.057941854,0.0076549035,0.1346405
test_538,0.80640554,0.05802606,0.0074372888,0.12813112
test_539,0.800014,0.058787633,0.0072524217,0.13394593
test_540,0.8068134,0.060337108,0.008039366,0.12481002
test_541,0.80812585,0.059969738,0.0077365926,0.1241679
test_542,0.8068709,0.05969302,0.0075687873,0.12586725
test_543,0.82469755,0.056356866,0.007157167,0.11178843
test_544,0.8074135,0.06058683,0.007608925,0.12439074
test_545,0.8001073,0.05946387,0.007386935,0.13304196
test_546,0.8263391,0.05515944,0.0067646964,0.11173672
test_547,0.8013734,0.059667762,0.0074052424,0.13155349
test_548,0.8089957,0.05921974,0.007550268,0.12423426
test_549,0.796241,0.05984688,0.007387818,0.13652433
test_550,0.8050597,0.05863964,0.00748276,0.12881792
test_551,0.82309264,0.056814596,0.0075352755,0.112557516
test_552,0.82569844,0.0571383,0.0066678184,0.110495456
test_553,0.8014062,0.059193157,0.0072134943,0.13218719
test_554,0.82659996,0.0540193,0.0065788315,0.112801895
test_555,0.8021203,0.05886716,0.007141618,0.13187088
test_556,0.80001116,0.05866053,0.0071496163,0.13417873
test_557,0.8084759,0.06017932,0.007910939,0.12343386
test_558,0.8126799,0.056031182,0.0073304703,0.12395838
test_559,0.812724,0.060266066,0.007872204,0.11913775
test_560,0.81303304,0.057349045,0.0075167157,0.122101136
test_561,0.8032343,0.060008653,0.0076620453,0.129095
test_562,0.82367164,0.05846013,0.0072080083,0.110660166
test_563,0.8072351,0.059219696,0.007398413,0.12614682
test_564,0.79842603,0.058860343,0.0072994153,0.1354142
test_565,0.7998449,0.059501626,0.00729622,0.1333572
test_566,0.79951966,0.059151635,0.007251646,0.1340771
test_567,0.8056602,0.0595205,0.0078000324,0.12701926
test_568,0.8021033,0.057269286,0.007069837,0.13355756
test_569,0.79328334,0.06052774,0.007701259,0.13848765
test_570,0.8064233,0.060386334,0.007507707,0.12568267
test_571,0.801396,0.060758676,0.0075629777,0.13028237
test_572,0.7990138,0.059185952,0.0072516827,0.13454849
test_573,0.8045655,0.05708064,0.0068454584,0.13150841
test_574,0.80480313,0.058125537,0.0069920802,0.13007918
test_575,0.8028704,0.058798276,0.0071480135,0.13118336
test_576,0.801004,0.059109893,0.0071744723,0.13271165
test_577,0.80676955,0.06000853,0.0074223573,0.12579964
test_578,0.80420655,0.059644885,0.007322314,0.12882623
test_579,0.7984953,0.058282867,0.0070126955,0.13620916
test_580,0.80822426,0.06019156,0.0074523916,0.12413182
test_581,0.79865134,0.05743933,0.006950386,0.13695897
test_582,0.8112311,0.058253765,0.007210746,0.12330447
test_583,0.8024261,0.060549244,0.007506734,0.12951797
test_584,0.79878676,0.060559962,0.0076908953,0.13296229
test_585,0.8031409,0.058359876,0.007468436,0.13103084
test_586,0.80719626,0.055686355,0.0077099525,0.12940745
test_587,0.81380755,0.05520251,0.0068083177,0.1241816
test_588,0.814017,0.059182595,0.0071790516,0.119621366
test_589,0.80283576,0.058040753,0.007079044,0.13204433
test_590,0.80220234,0.057706494,0.0071181403,0.13297306
test_591,0.79781413,0.0595228,0.0073724096,0.13529065
test_592,0.80536664,0.057306472,0.006818687,0.13050817
test_593,0.80668133,0.059097,0.007270306,0.12695141
test_594,0.7981693,0.058103047,0.007004949,0.13672267
test_595,0.80977046,0.05941989,0.007395176,0.123414546
test_596,0.8032372,0.060867682,0.007610411,0.12828465
test_597,0.8237129,0.05591574,0.0072600185,0.113111414
test_598,0.8071732,0.05882824,0.007127182,0.1268714
test_599,0.8016396,0.0590035,0.0072423555,0.1321145
test_600,0.81872046,0.059197843,0.008276666,0.11380508
test_601,0.80362374,0.060287286,0.0075528747,0.12853613
test_602,0.81077546,0.0598299,0.0074289935,0.12196565
test_603,0.80843765,0.05682924,0.0070466017,0.12768653
test_604,0.8185042,0.05872836,0.008072808,0.11469459
test_605,0.7977231,0.059411027,0.0073445057,0.13552138
test_606,0.80122745,0.057093687,0.0069718445,0.13470699
test_607,0.81271976,0.05740225,0.0069809905,0.12289703
test_608,0.81597996,0.057944186,0.0068452773,0.11923057
test_609,0.80894035,0.056899305,0.006789465,0.12737097
test_610,0.7955796,0.058413945,0.0070632617,0.1389432
test_611,0.8018384,0.060029797,0.0076087182,0.13052309
test_612,0.8011611,0.057814028,0.0070336363,0.13399126
test_613,0.8011957,0.059034087,0.0071526067,0.13261761
test_614,0.80050874,0.058941703,0.0072822464,0.1332673
test_615,0.82047296,0.05665618,0.0066632386,0.11620764
test_616,0.80106795,0.058014724,0.0070595867,0.13385767
test_617,0.80628604,0.059196416,0.007414963,0.12710264
test_618,0.8074885,0.059091657,0.007221635,0.12619814
test_619,0.80592054,0.060112264,0.00733855,0.12662867
test_620,0.79924405,0.05892941,0.007413143,0.13441345
test_621,0.8014831,0.059067175,0.0072673233,0.13218245
test_622,0.80672956,0.05825518,0.0072529325,0.12776236
test_623,0.80640453,0.059907097,0.007274101,0.12641433
test_624,0.81055045,0.059702486,0.007839105,0.12190802
test_625,0.80407166,0.058493692,0.007204741,0.13022994
test_626,0.7958327,0.06016356,0.007883753,0.13612
test_627,0.8028532,0.059130225,0.0072090016,0.1308075
test_628,0.79761773,0.05932033,0.0073395385,0.1357224
test_629,0.81316566,0.06075387,0.00771503,0.118365504
test_630,0.8053793,0.061231967,0.007620586,0.12576827
test_631,0.7989191,0.059469663,0.007329342,0.13428198
test_632,0.80831397,0.059471566,0.0073547577,0.12485977
test_633,0.82470655,0.057385743,0.0075907735,0.11031699
test_634,0.8164063,0.061691023,0.008596369,0.113306284
test_635,0.8140734,0.056114845,0.0072575035,0.12255424
test_636,0.8024938,0.058223326,0.007053787,0.13222903
test_637,0.8030582,0.061020862,0.007822164,0.12809879
test_638,0.8185584,0.057326157,0.0070349867,0.117080465
test_639,0.7974628,0.05918528,0.0072595384,0.13609236
test_640,0.8025581,0.060933378,0.00759411,0.12891437
test_641,0.80084014,0.059150036,0.0071998085,0.13281007
test_642,0.79714733,0.058438335,0.0071240603,0.1372903
test_643,0.8005705,0.057569865,0.006946581,0.13491306
test_644,0.8032114,0.05745082,0.008098357,0.13123949
test_645,0.8039288,0.059226494,0.0072881826,0.12955645
test_646,0.801974,0.058316488,0.007061107,0.13264833
test_647,0.8020931,0.058259778,0.0071593644,0.13248776
test_648,0.79986626,0.058743026,0.007154098,0.1342366
test_649,0.80492675,0.06054162,0.007618724,0.12691289
test_650,0.81373596,0.05844194,0.007567599,0.12025445
test_651,0.7958692,0.057477828,0.0070737307,0.13957928
test_652,0.80295044,0.060200837,0.0074745053,0.1293742
test_653,0.8128504,0.059210893,0.0071973656,0.120741285
test_654,0.80969715,0.06045668,0.008293733,0.12155246
test_655,0.80427426,0.05968769,0.007604737,0.12843323
test_656,0.8048995,0.0595327,0.0074491985,0.1281186
test_657,0.8061135,0.05872034,0.007342753,0.1278234
test_658,0.80833733,0.057215586,0.0069505223,0.12749659
test_659,0.8041589,0.05965384,0.0072701024,0.12891711
test_660,0.79779917,0.05633062,0.006747306,0.13912281
test_661,0.7995412,0.05839134,0.007101351,0.1349661
test_662,0.80367357,0.058356743,0.00708285,0.13088684
test_663,0.80367184,0.059037417,0.0073081036,0.12998258
test_664,0.8087266,0.057752192,0.0072300285,0.1262912
test_665,0.79917186,0.058961626,0.0071912403,0.13467525
test_666,0.8039825,0.059060685,0.007156499,0.12980033
test_667,0.80741256,0.059814,0.0073615327,0.12541193
test_668,0.7997819,0.059653934,0.007435215,0.13312896
test_669,0.8195583,0.057555992,0.007718195,0.115167506
test_670,0.81594056,0.05855966,0.0073861964,0.11811369
test_671,0.80167395,0.060031984,0.007461065,0.13083294
test_672,0.80037534,0.059094317,0.0071593947,0.133371
test_673,0.801246,0.05888282,0.0073484546,0.13252272
test_674,0.8006472,0.060737878,0.0076799183,0.130935
test_675,0.8046882,0.05945367,0.007356637,0.12850152
test_676,0.80862504,0.059309077,0.0072726817,0.12479321
test_677,0.8005662,0.059461717,0.007270971,0.13270113
test_678,0.80827314,0.058553614,0.0072266194,0.12594654
test_679,0.8119494,0.060796384,0.008421153,0.11883313
test_680,0.81496805,0.059239205,0.008649828,0.11714296
test_681,0.80430657,0.057388682,0.0068639917,0.13144074
test_682,0.80067116,0.060418982,0.007451697,0.13145815
test_683,0.80407983,0.06041295,0.0075243614,0.12798281
test_684,0.8035225,0.060040332,0.007615826,0.12882127
test_685,0.8168214,0.055794705,0.006672706,0.120711125
test_686,0.79656225,0.05866168,0.0071946043,0.1375815
test_687,0.80345565,0.058983777,0.0072411858,0.13031939
test_688,0.8110697,0.057436977,0.007181596,0.124311745
test_689,0.8126494,0.059289,0.007956886,0.12010469
test_690,0.80463135,0.059665836,0.007359676,0.12834316
test_691,0.80973196,0.059420493,0.007107737,0.12373985
test_692,0.804348,0.057563867,0.007082685,0.13100544
test_693,0.7998572,0.057993483,0.0070688333,0.13508055
test_694,0.80106926,0.05871389,0.0071400115,0.13307686
test_695,0.8170699,0.05476202,0.006783803,0.12138435
test_696,0.79904836,0.059413295,0.007299123,0.1342392
test_697,0.802977,0.060524825,0.0074985293,0.12899962
test_698,0.8059598,0.059499744,0.0073331674,0.12720732
test_699,0.80276066,0.059614673,0.0073416336,0.13028304
test_700,0.8050391,0.062315177,0.007927365,0.12471833
test_701,0.80136174,0.05890776,0.0075338166,0.13219671
test_702,0.80688244,0.06049655,0.007607061,0.12501392
test_703,0.7992254,0.058456544,0.0071180696,0.13520001
test_704,0.8028,0.05746089,0.006842685,0.13289644
test_705,0.8068362,0.05866655,0.008600093,0.12589723
test_706,0.80033857,0.060153402,0.007345909,0.13216218
test_707,0.7998128,0.060434587,0.0074426257,0.13230994
test_708,0.8040494,0.059989497,0.00753386,0.12842718
test_709,0.8061899,0.05988957,0.007410343,0.12651022
test_710,0.8000362,0.059020128,0.007246363,0.13369735
test_711,0.79590404,0.05850306,0.007187507,0.13840544
test_712,0.80619997,0.061286338,0.0076459227,0.12486776
test_713,0.8031822,0.058856703,0.007224997,0.13073616
test_714,0.8159456,0.060156558,0.007144041,0.11675381
test_715,0.8097894,0.05922179,0.0073761456,0.123612694
test_716,0.79905057,0.05788521,0.0070353807,0.1360288
test_717,0.8142277,0.05873104,0.008348401,0.11869292
test_718,0.817713,0.059050158,0.0071484228,0.11608838
test_719,0.8058098,0.058906447,0.007074955,0.12820877
test_720,0.80701756,0.05741103,0.0074361577,0.12813517
test_721,0.80267453,0.05952629,0.00739505,0.13040406
test_722,0.8075038,0.058301337,0.0073909764,0.12680385
test_723,0.7994791,0.060285933,0.007533042,0.1327019
test_724,0.8017808,0.058321577,0.007066162,0.13283135
test_725,0.81107324,0.059790436,0.0074850474,0.121651255
test_726,0.8091503,0.05744002,0.0070241117,0.12638567
test_727,0.80629265,0.057235423,0.0076325363,0.12883937
test_728,0.8082451,0.061570827,0.0077120564,0.12247201
test_729,0.8101277,0.058995217,0.007889843,0.12298734
test_730,0.80038357,0.058169656,0.006979515,0.1344672
test_731,0.79258466,0.058655012,0.007212347,0.141548
test_732,0.8089937,0.057549264,0.0073475256,0.1261095
test_733,0.8127937,0.059319332,0.0071918485,0.12069514
test_734,0.79877454,0.059165433,0.0072412547,0.1348188
test_735,0.80781096,0.056161046,0.0066464115,0.12938157
test_736,0.8145664,0.058042884,0.0071298126,0.120260976
test_737,0.81582284,0.05848699,0.0071163536,0.11857379
test_738,0.7978938,0.0590879,0.007289675,0.1357286
test_739,0.81231123,0.059411567,0.0075252666,0.120751895
test_740,0.80067605,0.060896043,0.0075874827,0.13084044
test_741,0.807082,0.05971473,0.0075067244,0.12569655
test_742,0.8070296,0.05954891,0.007303348,0.1261181
test_743,0.7972575,0.05872889,0.0072112465,0.13680239
test_744,0.8011191,0.05820339,0.0070653954,0.13361208
test_745,0.8124092,0.058580212,0.0073327264,0.121677816
test_746,0.8078097,0.059549626,0.007287047,0.12535365
test_747,0.8040267,0.059958737,0.007525116,0.12848946
test_748,0.8263629,0.0629802,0.009425227,0.10123169
test_749,0.80275935,0.060335215,0.007300394,0.12960507
test_750,0.7988068,0.05908651,0.007176174,0.13493061
test_751,0.79490775,0.059670195,0.0075199967,0.13790204
test_752,0.80950296,0.062021624,0.008073611,0.12040184
test_753,0.8204581,0.058237758,0.007864508,0.11343967
test_754,0.8190218,0.058915507,0.008005479,0.11405725
test_755,0.7967548,0.05987913,0.0073690508,0.135997
test_756,0.8013206,0.059510287,0.007213835,0.13195533
test_757,0.81158966,0.05777499,0.0071013332,0.12353399
test_758,0.80113673,0.05909088,0.00723521,0.13253716
test_759,0.8046622,0.05953692,0.007360786,0.12844001
test_760,0.80423117,0.061049934,0.0076014036,0.12711751
test_761,0.80089235,0.06088148,0.0075531374,0.13067304
test_762,0.8006184,0.058047675,0.0070585455,0.13427539
test_763,0.8007292,0.058404632,0.007085348,0.13378085
test_764,0.8060017,0.058306374,0.007133778,0.12855814
test_765,0.8029079,0.05937259,0.0073071714,0.13041236
test_766,0.8100737,0.059222274,0.0076305987,0.12307347
test_767,0.8004581,0.05888634,0.007283462,0.1333721
test_768,0.79908216,0.058473516,0.0071111466,0.13533308
test_769,0.8001077,0.06029309,0.007780296,0.13181886
test_770,0.79847914,0.058684293,0.0071763196,0.13566032
test_771,0.8204269,0.059175853,0.008496164,0.11190109
test_772,0.79640174,0.05957555,0.0073493873,0.13667335
test_773,0.80649775,0.06026762,0.007426748,0.12580791
test_774,0.8016785,0.059051692,0.0072992784,0.13197063
test_775,0.8080872,0.056971565,0.0068776947,0.12806346
test_776,0.80038,0.05927933,0.0073095853,0.13303109
test_777,0.8026252,0.057599325,0.0069229617,0.13285252
test_778,0.8003683,0.059261512,0.0072557754,0.13311441
test_779,0.7992015,0.059673462,0.007327026,0.13379806
test_780,0.8004148,0.05983723,0.007356463,0.13239144
test_781,0.80411834,0.058348626,0.007051094,0.13048202
test_782,0.8046551,0.059525214,0.007292954,0.12852675
test_783,0.8042559,0.058806635,0.007258952,0.1296785
test_784,0.8169821,0.058113147,0.0075947302,0.11731005
test_785,0.8023893,0.057884246,0.007070884,0.13265549
test_786,0.8033962,0.05931023,0.007293248,0.1300003
test_787,0.8093537,0.06239056,0.007966473,0.12028919
test_788,0.83073753,0.05837953,0.0070013874,0.10388159
test_789,0.805677,0.059396777,0.0072848205,0.12764136
test_790,0.80490386,0.05947678,0.00737501,0.12824431
test_791,0.80658203,0.057341885,0.006878685,0.12919734
test_792,0.80024713,0.057702336,0.0070184767,0.13503204
test_793,0.802879,0.06217579,0.008152915,0.12679227
test_794,0.8037879,0.057833027,0.007061727,0.13131736
test_795,0.8046438,0.058408633,0.007105915,0.12984172
test_796,0.8028543,0.061525505,0.0078098704,0.12781036
test_797,0.80395865,0.05980956,0.007387276,0.1288445
test_798,0.79735285,0.060328487,0.0074496167,0.1348691
test_799,0.8008259,0.05940789,0.007434573,0.13233165
test_800,0.80405354,0.058266822,0.0070824395,0.13059714
test_801,0.8030991,0.058945883,0.0073284227,0.13062662
test_802,0.80433017,0.059702758,0.007343133,0.12862399
test_803,0.80563134,0.06671098,0.00941719,0.11824048
test_804,0.7983906,0.058022436,0.0071570817,0.13642983
test_805,0.8076111,0.05862049,0.008040023,0.12572832
test_806,0.8069571,0.058597237,0.0071520805,0.12729365
test_807,0.8008626,0.059631538,0.0075426027,0.1319633
test_808,0.8046075,0.059892695,0.007401227,0.12809855
test_809,0.81842786,0.058401957,0.0075078914,0.11566234
test_810,0.8079617,0.0594982,0.007942578,0.124597564
test_811,0.7990466,0.058755472,0.0071541113,0.13504387
test_812,0.80092597,0.060286444,0.00751567,0.13127197
test_813,0.79727703,0.059116486,0.0072851484,0.1363213
test_814,0.8023562,0.059775613,0.00746991,0.13039838
test_815,0.7994238,0.058928303,0.007143362,0.13450457
test_816,0.7964711,0.057937905,0.0070167766,0.13857418
test_817,0.8139642,0.0587003,0.0072730016,0.12006251
test_818,0.8150261,0.059227422,0.00742519,0.118321225
test_819,0.8010181,0.059899624,0.0073658745,0.1317163
test_820,0.8039477,0.05984528,0.0074748835,0.12873216
test_821,0.798344,0.05890757,0.0071878717,0.13556053
test_822,0.79727864,0.059008766,0.007181778,0.13653082
test_823,0.8044867,0.05737365,0.0070474753,0.1310922
test_824,0.8043133,0.059005618,0.007356602,0.12932442
test_825,0.80594325,0.059501614,0.0072656185,0.1272895
test_826,0.8104414,0.061718322,0.00775589,0.12008435
test_827,0.8216057,0.055521436,0.007721281,0.11515157
test_828,0.81060874,0.058839757,0.007290554,0.12326092
test_829,0.8211178,0.054129686,0.007239939,0.117512606
test_830,0.7980221,0.059018858,0.007248069,0.13571101
test_831,0.8053089,0.05844353,0.007200291,0.12904732
test_832,0.8062814,0.05747848,0.006994029,0.12924615
test_833,0.8046951,0.06030825,0.0074922047,0.12750445
test_834,0.801086,0.061181128,0.00768468,0.13004817
test_835,0.8005958,0.05805057,0.0073449463,0.1340087
test_836,0.79824793,0.059445124,0.007315553,0.1349914
test_837,0.801533,0.056714453,0.006944735,0.1348078
test_838,0.8033283,0.05904884,0.007258653,0.13036418
test_839,0.79863846,0.05841556,0.0071232663,0.13582264
test_840,0.7995294,0.05842943,0.007115778,0.13492532
test_841,0.8036628,0.06120151,0.007604207,0.1275315
test_842,0.80847883,0.060079865,0.0075498237,0.1238915
test_843,0.79996324,0.058561835,0.0071220356,0.1343529
test_844,0.7990836,0.057999156,0.0070682922,0.1358489
test_845,0.80477,0.059675157,0.0077021,0.12785281
test_846,0.8151321,0.058121096,0.008337174,0.11840971
test_847,0.81681997,0.057332557,0.006768983,0.119078495
test_848,0.8050769,0.05805333,0.0071042795,0.1297655
test_849,0.80657274,0.061467193,0.007595385,0.12436472
test_850,0.8004951,0.05808853,0.0070649465,0.13435142
test_851,0.7984684,0.059359383,0.0072966604,0.13487555
test_852,0.7998913,0.05890566,0.0072510326,0.13395196
test_853,0.8130279,0.0608394,0.008401235,0.11773146
test_854,0.8053751,0.05717299,0.0072941706,0.13015781
test_855,0.8030759,0.06073903,0.007668092,0.12851688
test_856,0.8058564,0.057201937,0.00696988,0.12997179
test_857,0.7987976,0.058498155,0.0070947707,0.13560954
test_858,0.7988084,0.058126755,0.007081833,0.13598305
test_859,0.8084946,0.060671743,0.007388421,0.12344522
test_860,0.79571384,0.05925576,0.0073777335,0.13765265
test_861,0.8020224,0.05628264,0.0066396585,0.13505529
test_862,0.83448046,0.052561842,0.006295193,0.10666246
test_863,0.80226207,0.05747077,0.0069746114,0.13329247
test_864,0.80129534,0.057141535,0.0073348465,0.13422829
test_865,0.8049399,0.06343212,0.008712431,0.12291557
test_866,0.7990827,0.058821652,0.007190616,0.13490501
test_867,0.8151356,0.059914272,0.0074869916,0.11746309
test_868,0.8005952,0.058757126,0.0072637256,0.13338396
test_869,0.7997955,0.059832904,0.007434969,0.13293663
test_870,0.80747193,0.059919883,0.0073300167,0.12527807
test_871,0.80919063,0.0570796,0.0073260753,0.12640375
test_872,0.8064824,0.058154594,0.0071686837,0.12819427
test_873,0.80755186,0.057805177,0.0070450157,0.127598
test_874,0.8001477,0.059013247,0.007250249,0.13358876
test_875,0.7952879,0.061590735,0.008197869,0.1349235
test_876,0.80161077,0.059834864,0.0073599685,0.13119441
test_877,0.80001587,0.057961583,0.00707518,0.13494736
test_878,0.80099195,0.058752898,0.0071031926,0.13315195
test_879,0.8075176,0.05701907,0.006665906,0.12879747
test_880,0.7969485,0.059092645,0.0072649294,0.13669392
test_881,0.8012921,0.060064197,0.0074271476,0.13121654
test_882,0.80807537,0.059561927,0.0072950353,0.12506762
test_883,0.79848635,0.058221232,0.007101911,0.13619052
test_884,0.8015376,0.059626188,0.0072547635,0.13158146
test_885,0.8097614,0.057803698,0.0070336415,0.12540127
test_886,0.79938096,0.05937293,0.007235117,0.13401103
test_887,0.81109273,0.0579503,0.007325379,0.12363167
test_888,0.7994426,0.05906281,0.00722672,0.1342679
test_889,0.7978191,0.057066035,0.006924057,0.13819084
test_890,0.80613804,0.058804855,0.0071141124,0.12794296
test_891,0.79953665,0.059610456,0.0073196944,0.13353322
test_892,0.81013834,0.06251839,0.009624076,0.117719255
test_893,0.8034623,0.05825836,0.0071377573,0.13114147
test_894,0.80000746,0.059307612,0.0072879274,0.13339695
test_895,0.80947226,0.05963653,0.0073835016,0.123507656
test_896,0.80083907,0.058322415,0.007179284,0.13365926
test_897,0.7951676,0.05992539,0.007568087,0.13733894
test_898,0.8014372,0.05910973,0.007151972,0.13230103
test_899,0.8132923,0.060718324,0.008306039,0.11768324
test_900,0.80946916,0.055259995,0.0067592887,0.12851153
test_901,0.8155892,0.05736655,0.0067299264,0.12031436
test_902,0.8000808,0.058884077,0.0071569546,0.13387813
test_903,0.8119165,0.05801701,0.007096175,0.1229703
test_904,0.80356085,0.05996503,0.007545067,0.12892905
test_905,0.8019581,0.05887911,0.007502291,0.13166057
test_906,0.80148125,0.058433205,0.007002884,0.13308272
test_907,0.81056607,0.060748115,0.0075243907,0.12116145
test_908,0.8062042,0.057610042,0.006863543,0.12932219
test_909,0.80163044,0.05848501,0.0071313446,0.13275328
test_910,0.8025365,0.057363596,0.007030428,0.13306946
test_911,0.8005361,0.05844154,0.0071576172,0.13386467
test_912,0.7962156,0.05816882,0.007095174,0.13852046
test_913,0.81297415,0.057580654,0.0070754103,0.12236983
test_914,0.8201915,0.05694956,0.0069601513,0.115898825
test_915,0.8025954,0.059775304,0.00725421,0.13037506
test_916,0.8010791,0.0590894,0.007941691,0.1318898
test_917,0.819855,0.05879505,0.0072293803,0.11412063
test_918,0.8091153,0.060166437,0.0076545724,0.12306368
test_919,0.7952646,0.059482217,0.0073430804,0.13791007
test_920,0.80421513,0.057577666,0.007366771,0.13084045
test_921,0.79890347,0.05876616,0.0071214614,0.13520885
test_922,0.7993507,0.05899864,0.007200927,0.13444982
test_923,0.8186565,0.059852522,0.00883623,0.112654716
test_924,0.8010764,0.059870943,0.0073978505,0.13165477
test_925,0.80022925,0.05906471,0.00722697,0.13347907
test_926,0.8071395,0.055872817,0.0066863406,0.13030134
test_927,0.8093481,0.057863373,0.0069732713,0.1258152
test_928,0.80095917,0.059241727,0.0072611943,0.13253783
test_929,0.811109,0.060704995,0.0076080384,0.1205779
test_930,0.80915844,0.058221195,0.0070426348,0.12557769
test_931,0.81145674,0.06202382,0.009067735,0.11745169
test_932,0.8019613,0.060768735,0.0076691676,0.12960081
test_933,0.8032128,0.056858983,0.0068450775,0.13308309
test_934,0.8128178,0.057146035,0.0070799994,0.122956194
test_935,0.8050656,0.05816647,0.007297854,0.12947011
test_936,0.80879724,0.056639526,0.006773904,0.12778929
test_937,0.80525315,0.061426952,0.007645903,0.12567405
test_938,0.8077233,0.058984473,0.0072095813,0.12608266
test_939,0.7999963,0.058902543,0.0072562154,0.13384488
test_940,0.79757965,0.05843873,0.0072108973,0.1367707
test_941,0.801169,0.058151547,0.007179855,0.13349965
test_942,0.79508257,0.06337804,0.0083480785,0.13319132
test_943,0.8166914,0.0562422,0.007154817,0.11991159
test_944,0.8042165,0.061341908,0.0076408894,0.12680072
test_945,0.80256486,0.058606748,0.0071581327,0.13167027
test_946,0.8015095,0.058887288,0.007145769,0.13245748
test_947,0.8018008,0.059372272,0.007240164,0.1315868
test_948,0.8123612,0.059345603,0.008429852,0.11986338
test_949,0.80989724,0.058734138,0.008097945,0.12327063
test_950,0.80783355,0.058280103,0.0072632255,0.1266232
test_951,0.81567585,0.061894834,0.008452282,0.113977104
test_952,0.8086061,0.059996605,0.0075084292,0.123888895
test_953,0.8129766,0.05689283,0.0068751397,0.12325542
test_954,0.8073333,0.06100825,0.007952943,0.12370553
test_955,0.798635,0.059434373,0.007302875,0.13462774
test_956,0.7988053,0.058881264,0.00716796,0.1351455
test_957,0.8147998,0.05511123,0.0064950474,0.12359397
test_958,0.8009652,0.060890924,0.0077540753,0.13038976
test_959,0.8097959,0.05859877,0.008163278,0.12344204
test_960,0.8063728,0.05929184,0.0073774224,0.12695798
test_961,0.80278325,0.06084715,0.007609098,0.12876046
test_962,0.8010338,0.05855597,0.0070426436,0.1333676
test_963,0.80988616,0.05999669,0.0073851356,0.122732066
test_964,0.7981596,0.057986785,0.007117732,0.13673584
test_965,0.80161643,0.058621783,0.0070868502,0.13267499
test_966,0.80252963,0.06013767,0.0074747005,0.12985799
test_967,0.8001699,0.05920201,0.0071565136,0.13347167
test_968,0.8099662,0.05652453,0.0077938973,0.1257153
test_969,0.7969751,0.058643635,0.0072580283,0.13712326
test_970,0.821041,0.058574136,0.007167044,0.11321785
test_971,0.7964689,0.058592793,0.0071508023,0.1377875
test_972,0.7994068,0.059632253,0.0072185923,0.1337423
test_973,0.8039945,0.0587006,0.007259111,0.13004589
test_974,0.82891804,0.05501011,0.006380196,0.10969161
test_975,0.8085645,0.058221098,0.0070725856,0.12614185
test_976,0.80017275,0.059289753,0.0074337963,0.13310365
test_977,0.8135759,0.05564465,0.006531806,0.124247655
test_978,0.8140853,0.060732093,0.0081870025,0.116995566
test_979,0.8045165,0.059850223,0.0072816988,0.12835158
test_980,0.7998768,0.060002245,0.0073896297,0.1327313
test_981,0.8056994,0.062283468,0.008161535,0.12385555
test_982,0.7991429,0.059778616,0.0075831735,0.13349536
test_983,0.80304563,0.058270168,0.0070815384,0.13160264
test_984,0.8085326,0.060117096,0.007475269,0.1238751
test_985,0.79886246,0.05877964,0.007124466,0.13523342
test_986,0.800569,0.05780087,0.0069363103,0.13469382
test_987,0.8137029,0.059509277,0.0075559225,0.1192319
test_988,0.7971413,0.058992453,0.0072532794,0.136613
test_989,0.7953323,0.05867198,0.0073280763,0.13866761
test_990,0.82430094,0.056435026,0.0069267577,0.11233722
test_991,0.79835886,0.05873712,0.0072390325,0.13566503
test_992,0.8006686,0.060729086,0.007612922,0.13098936
test_993,0.8068704,0.059622787,0.0073331324,0.12617362
test_994,0.7990597,0.058917213,0.00719045,0.13483256
test_995,0.7994453,0.057917353,0.006968963,0.13566841
test_996,0.80441517,0.05872594,0.0071748206,0.12968412
test_997,0.80111754,0.061837643,0.0077746585,0.1292702
test_998,0.8002197,0.05891123,0.0071694055,0.13369972
test_999,0.7985022,0.059336122,0.0073303543,0.13483135
test_1000,0.81126356,0.05691493,0.0072537716,0.12456779
test_1001,0.8042648,0.05794486,0.0071920906,0.13059825
test_1002,0.79989696,0.059037864,0.0072969855,0.1337682
test_1003,0.7959834,0.057996042,0.0073405723,0.13867998
test_1004,0.8162235,0.057882633,0.0076534306,0.11824039
test_1005,0.80102396,0.05941928,0.007270589,0.13228618
test_1006,0.8160435,0.05814336,0.0072349305,0.118578255
test_1007,0.7980077,0.05966556,0.0074075265,0.1349191
test_1008,0.80156916,0.05812551,0.0070436746,0.13326168
test_1009,0.8000777,0.05886789,0.0071645486,0.1338899
test_1010,0.80374885,0.056769326,0.0067270882,0.13275468
test_1011,0.79766846,0.05908238,0.007305266,0.1359439
test_1012,0.81110674,0.060096618,0.007387697,0.12140892
test_1013,0.80087125,0.059342578,0.0076214485,0.13216473
test_1014,0.80598044,0.061291873,0.0076748636,0.12505281
test_1015,0.80254185,0.0581441,0.006978738,0.13233532
test_1016,0.80656326,0.059709508,0.007550376,0.12617682
test_1017,0.8172694,0.060513865,0.007466899,0.114749864
test_1018,0.8029938,0.058532692,0.0070991823,0.13137431
test_1019,0.8098865,0.06066622,0.008009188,0.12143802
test_1020,0.7980928,0.058476076,0.0071162195,0.13631499
test_1021,0.806794,0.057160914,0.006834883,0.12921028
test_1022,0.8012295,0.058485918,0.007118494,0.13316612
test_1023,0.801057,0.058879647,0.0071896054,0.13287376
test_1024,0.80277485,0.059116196,0.007312744,0.13079612
test_1025,0.8001463,0.06015964,0.007395282,0.13229884
test_1026,0.81386876,0.05853543,0.007897036,0.11969878
test_1027,0.81303626,0.059464,0.0081701195,0.11932963
test_1028,0.81985205,0.05323398,0.0067530414,0.120161
test_1029,0.79836816,0.059080735,0.0071783643,0.13537276
test_1030,0.80419666,0.05787403,0.0069684815,0.13096088
test_1031,0.8055145,0.05880779,0.007122103,0.12855561
test_1032,0.80379385,0.058037113,0.007019571,0.13114941
test_1033,0.8044605,0.060884763,0.0076952656,0.12695947
test_1034,0.80389285,0.059098143,0.007308562,0.12970044
test_1035,0.80360204,0.05831768,0.0072000655,0.13088022
test_1036,0.8080747,0.05636992,0.007706196,0.1278492
test_1037,0.79706705,0.059438955,0.00731741,0.13617659
test_1038,0.80830514,0.058297332,0.007329947,0.12606756
test_1039,0.8016987,0.06176881,0.008216588,0.12831587
test_1040,0.80901843,0.05679237,0.0067708893,0.12741825
test_1041,0.79866064,0.05886516,0.0071997456,0.13527447
test_1042,0.80370146,0.05980412,0.007265845,0.12922855
test_1043,0.806697,0.060541,0.007632218,0.12512982
test_1044,0.7961112,0.059025183,0.0072595114,0.13760406
test_1045,0.8123556,0.05929015,0.007853679,0.120500594
test_1046,0.8026681,0.058632538,0.007145913,0.13155346
test_1047,0.800073,0.05889833,0.007209208,0.13381946
test_1048,0.8008488,0.058048323,0.006994229,0.13410868
test_1049,0.79697996,0.059110213,0.0073435167,0.13656634
test_1050,0.8125919,0.056886572,0.0068721776,0.12364929
test_1051,0.8116289,0.06028188,0.0076505644,0.120438606
test_1052,0.8029369,0.05758919,0.0070996108,0.13237427
test_1053,0.8126334,0.062002953,0.008436317,0.1169273
test_1054,0.8035373,0.05705442,0.006927763,0.13248056
test_1055,0.8055304,0.060189188,0.007401795,0.12687859
test_1056,0.80847585,0.060155243,0.0073591154,0.12400973
test_1057,0.80578697,0.061047576,0.0077536125,0.1254119
test_1058,0.8028088,0.0618035,0.009244865,0.12614284
test_1059,0.79716104,0.05836578,0.0071855113,0.13728768
test_1060,0.8065988,0.058125213,0.0070682564,0.12820776
test_1061,0.79932445,0.059611414,0.0074448613,0.13361934
test_1062,0.8008029,0.057148952,0.0069469074,0.13510127
test_1063,0.8244172,0.058281895,0.0077230935,0.10957778
test_1064,0.8105717,0.0576304,0.006957389,0.12484059
test_1065,0.8050801,0.061275743,0.007849935,0.12579419
test_1066,0.8065391,0.058845844,0.007167018,0.12744793
test_1067,0.8022251,0.05909887,0.0074498393,0.13122615
test_1068,0.79991627,0.057873197,0.0070666247,0.13514394
test_1069,0.7985335,0.058821533,0.007219572,0.1354254
test_1070,0.79770863,0.05942308,0.0073280884,0.13554025
test_1071,0.8176178,0.05590193,0.007579832,0.11890044
test_1072,0.8071876,0.0628832,0.008843338,0.121085815
test_1073,0.79725987,0.057831958,0.007100375,0.13780783
test_1074,0.8123125,0.05678307,0.0072254525,0.123679
test_1075,0.79614824,0.059388723,0.007302014,0.137161
test_1076,0.8222023,0.05750414,0.0068195285,0.11347399
test_1077,0.81600165,0.059912182,0.00830049,0.1157857
test_1078,0.805041,0.057931736,0.007041844,0.1299854
test_1079,0.8013242,0.058674123,0.0071374974,0.13286419
test_1080,0.8082143,0.062524356,0.0078322785,0.121429056
test_1081,0.8023245,0.058067378,0.0071766903,0.13243143
test_1082,0.80749035,0.059577156,0.0072503593,0.1256821
test_1083,0.7912303,0.061046556,0.007498172,0.14022495
test_1084,0.79735154,0.05783987,0.0071163406,0.13769218
test_1085,0.7990635,0.05946425,0.0072999606,0.13417225
test_1086,0.7979201,0.05841477,0.0071213464,0.13654383
test_1087,0.79808307,0.057600457,0.007925304,0.13639115
test_1088,0.8106115,0.059014536,0.0074931774,0.12288072
test_1089,0.7967217,0.059305634,0.0072855772,0.1366871
test_1090,0.80235875,0.05997275,0.0073250793,0.1303434
test_1091,0.80341125,0.05772624,0.006973228,0.13188936
test_1092,0.7976819,0.058992095,0.0072653936,0.13606052
test_1093,0.82226896,0.0536075,0.00693805,0.11718547
test_1094,0.8064424,0.05904904,0.0074959192,0.12701267
test_1095,0.8054696,0.06133742,0.00769663,0.1254964
test_1096,0.8139403,0.058224995,0.0075856796,0.120248966
test_1097,0.8024867,0.061175805,0.007809955,0.12852749
test_1098,0.80268174,0.058199078,0.0070935385,0.13202563
test_1099,0.80168825,0.05956247,0.0073915194,0.13135783
test_1100,0.8055811,0.058834843,0.0071447752,0.1284393
test_1101,0.802177,0.05817527,0.007028066,0.13261971
test_1102,0.79950774,0.05950003,0.007343222,0.13364898
test_1103,0.8066919,0.05965622,0.0073232637,0.12632862
test_1104,0.81738156,0.059423868,0.0074428404,0.115751766
test_1105,0.822647,0.05853526,0.007348581,0.11146915
test_1106,0.8202286,0.061667573,0.007980322,0.11012351
test_1107,0.8091627,0.05904166,0.0076089483,0.124186724
test_1108,0.8015839,0.05722959,0.0070208344,0.13416573
test_1109,0.80400974,0.059315655,0.007213863,0.1294608
test_1110,0.79928654,0.058799565,0.007196625,0.13471733
test_1111,0.80375874,0.05854822,0.0070494665,0.13064353
test_1112,0.7975423,0.059749182,0.0073409015,0.13536765
test_1113,0.8088054,0.057258613,0.0069359518,0.12699993
test_1114,0.8037189,0.05954166,0.0072573815,0.12948199
test_1115,0.80996615,0.05917558,0.0073296214,0.12352864
test_1116,0.8014097,0.05768987,0.0070094983,0.13389093
test_1117,0.8126156,0.059373666,0.008169654,0.11984101
test_1118,0.8062904,0.058601025,0.0072105345,0.12789814
test_1119,0.8091171,0.055448588,0.006509848,0.12892449
test_1120,0.80256283,0.058403824,0.0071646506,0.13186866
test_1121,0.8045598,0.05762461,0.0069407746,0.13087475
test_1122,0.80219966,0.057330254,0.0069126827,0.13355738
test_1123,0.79804736,0.059260402,0.0072714402,0.13542072
test_1124,0.7975639,0.05922561,0.0072587966,0.13595171
test_1125,0.7997747,0.059690803,0.007309399,0.13322504
test_1126,0.8007586,0.05800604,0.0070474553,0.13418792
test_1127,0.8077459,0.05918015,0.007483405,0.12559062
test_1128,0.7980404,0.05955615,0.0072835432,0.13511994
test_1129,0.8044028,0.060187407,0.0076593254,0.12775049
test_1130,0.8035635,0.057458796,0.0068954565,0.13208233
test_1131,0.81833375,0.05524064,0.0065081334,0.11991745
test_1132,0.80409837,0.061177872,0.007671117,0.1270527
test_1133,0.8010577,0.058841776,0.0072554597,0.13284512
test_1134,0.7974684,0.05856155,0.0072285524,0.13674143
test_1135,0.79936796,0.06017073,0.007420659,0.13304065
test_1136,0.80318075,0.059733085,0.0073407697,0.12974544
test_1137,0.8122974,0.058939084,0.007833018,0.120930515
test_1138,0.7991937,0.05741958,0.007008506,0.13637821
test_1139,0.8057274,0.057442866,0.0069315443,0.12989818
test_1140,0.81580645,0.056502134,0.006784501,0.12090688
test_1141,0.8039761,0.059094418,0.007597692,0.1293318
test_1142,0.80757225,0.060294513,0.007984268,0.124148995
test_1143,0.8114458,0.061489727,0.007723657,0.11934081
test_1144,0.8046983,0.058585785,0.007089825,0.12962604
test_1145,0.8038328,0.058280263,0.007304884,0.13058203
test_1146,0.80995566,0.060542356,0.007859486,0.121642396
test_1147,0.80414575,0.05991648,0.0073152934,0.12862247
test_1148,0.7999016,0.058036055,0.0069456263,0.1351167
test_1149,0.7995274,0.058098026,0.007253691,0.13512085
test_1150,0.79854727,0.058566235,0.007126271,0.13576022
test_1151,0.80683446,0.06036801,0.008204258,0.124593355
test_1152,0.8191136,0.055676494,0.006531321,0.11867867
test_1153,0.8019107,0.059198964,0.007211953,0.13167846
test_1154,0.8040373,0.059023425,0.0073645804,0.1295747
test_1155,0.8016987,0.06156634,0.0077778627,0.12895705
test_1156,0.79997045,0.059346214,0.0072816852,0.13340166
test_1157,0.80279714,0.05891276,0.0071131615,0.1311769
test_1158,0.80502504,0.060885623,0.0075617814,0.12652755
test_1159,0.7989441,0.059935495,0.007468428,0.13365193
test_1160,0.80967057,0.057394527,0.0068823798,0.12605251
test_1161,0.79880697,0.059751082,0.007456276,0.1339857
test_1162,0.8002046,0.059639603,0.007331096,0.13282464
test_1163,0.7973043,0.05993859,0.007369577,0.13538755
test_1164,0.80132437,0.06000443,0.0074481876,0.13122298
test_1165,0.8025682,0.05819651,0.007152659,0.1320826
test_1166,0.80395067,0.058948386,0.007187235,0.12991366
test_1167,0.80269074,0.05917764,0.0074190646,0.13071255
test_1168,0.80819327,0.0589667,0.0070331977,0.1258069
test_1169,0.8001546,0.05864343,0.007091137,0.13411082
test_1170,0.80625033,0.05860018,0.0076292283,0.1275203
test_1171,0.8210142,0.058110546,0.008576771,0.1122984
test_1172,0.7980456,0.05910459,0.007293116,0.13555676
test_1173,0.8133266,0.058385313,0.0072051375,0.12108302
test_1174,0.80925035,0.057725035,0.0070142522,0.12601042
test_1175,0.8201432,0.059306014,0.008466472,0.112084314
test_1176,0.8085432,0.059034355,0.00763304,0.12478945
test_1177,0.8024958,0.059070304,0.0072151506,0.13121873
test_1178,0.79941505,0.059206832,0.0072333617,0.13414474
test_1179,0.8071736,0.059311762,0.0075367442,0.12597784
test_1180,0.79824287,0.059690353,0.0073536728,0.1347132
test_1181,0.8126222,0.058973577,0.007836053,0.12056813
test_1182,0.81305313,0.05989066,0.0073824977,0.119673766
test_1183,0.8026844,0.056837987,0.0068728933,0.13360465
test_1184,0.81498474,0.058674328,0.007688963,0.118651934
test_1185,0.7995912,0.057745606,0.0070612645,0.13560191
test_1186,0.8051865,0.057223976,0.006826583,0.13076289
test_1187,0.8012717,0.058922686,0.0071214056,0.1326842
test_1188,0.8022914,0.058901295,0.0071825194,0.13162482
test_1189,0.81041116,0.062450953,0.008684448,0.11845346
test_1190,0.81841844,0.05904475,0.0071063284,0.11543044
test_1191,0.8083884,0.060676824,0.008666895,0.122267924
test_1192,0.8023168,0.059665956,0.0074555953,0.13056165
test_1193,0.8120573,0.057256363,0.006694788,0.123991586
test_1194,0.80049026,0.059379764,0.007293337,0.13283661
test_1195,0.7981638,0.059204727,0.0072635664,0.13536789
test_1196,0.80878204,0.05821405,0.007072493,0.12593141
test_1197,0.8175726,0.05753668,0.0074187852,0.11747198
test_1198,0.80417573,0.058865838,0.007280145,0.12967825
test_1199,0.80471605,0.059037067,0.007728151,0.12851866
test_1200,0.8015794,0.05896145,0.0072226063,0.13223659
test_1201,0.7955861,0.057943933,0.0070965146,0.13937348
test_1202,0.7972559,0.059768286,0.007366895,0.13560893
test_1203,0.8008054,0.057775132,0.0071510146,0.13426842
test_1204,0.79616994,0.060389012,0.008005039,0.13543597
test_1205,0.7960108,0.05874229,0.0072474843,0.13799946
test_1206,0.80446106,0.060784105,0.007643993,0.12711078
test_1207,0.804044,0.058561143,0.007187419,0.13020742
test_1208,0.80730027,0.057287473,0.0068763164,0.1285359
test_1209,0.80162936,0.059954938,0.007400723,0.13101497
test_1210,0.8124511,0.05681253,0.0069485526,0.123787805
test_1211,0.80833983,0.05932284,0.0073792506,0.12495812
test_1212,0.7977015,0.05932732,0.0074162674,0.13555491
test_1213,0.80079913,0.061686914,0.0077796294,0.12973428
test_1214,0.81268346,0.058184702,0.0071457517,0.12198609
test_1215,0.79556614,0.058564845,0.007146237,0.13872276
test_1216,0.8066466,0.062084086,0.007788028,0.12348129
test_1217,0.801482,0.06032987,0.007532063,0.13065602
test_1218,0.8073178,0.058856733,0.007252914,0.12657253
test_1219,0.8119812,0.05647613,0.0067069083,0.1248357
test_1220,0.8136717,0.060247365,0.0073163616,0.11876454
test_1221,0.806025,0.065632515,0.009271754,0.11907073
test_1222,0.8009028,0.060566314,0.007866218,0.13066466
test_1223,0.80597013,0.0582288,0.007417449,0.1283837
test_1224,0.8025882,0.056828514,0.007016216,0.13356711
test_1225,0.8096608,0.060308825,0.0075114155,0.12251902
test_1226,0.8059459,0.058087844,0.0070960987,0.12887011
test_1227,0.79878676,0.057997312,0.0070367088,0.1361792
test_1228,0.7968543,0.0596667,0.007385648,0.13609333
test_1229,0.8140305,0.059750516,0.007460302,0.11875869
test_1230,0.8024187,0.058768887,0.0071812132,0.13163121
test_1231,0.80845606,0.05877751,0.008069348,0.12469707
test_1232,0.8087576,0.059125744,0.0071284785,0.12498812
test_1233,0.80187464,0.057766244,0.0069770967,0.13338202
test_1234,0.8047576,0.05652969,0.006775151,0.13193767
test_1235,0.802973,0.05656668,0.0072359876,0.13322431
test_1236,0.8248054,0.056593414,0.006468374,0.11213287
test_1237,0.81115144,0.058722056,0.00711227,0.12301421
test_1238,0.8009595,0.059785344,0.007311413,0.13194364
test_1239,0.8015718,0.05790898,0.007001771,0.13351749
test_1240,0.8052599,0.0580781,0.0070697423,0.12959227
test_1241,0.80648494,0.057706304,0.0069891294,0.12881964
test_1242,0.80257463,0.05743967,0.0070111733,0.13297455
test_1243,0.7976183,0.05871707,0.0071557425,0.13650881
test_1244,0.7968192,0.05985999,0.007386474,0.13593438
test_1245,0.80334663,0.05963694,0.00733755,0.12967883
test_1246,0.8142415,0.05732424,0.007054816,0.12137934
test_1247,0.80866796,0.05934299,0.00729711,0.12469198
test_1248,0.8092961,0.061387412,0.0085859625,0.12073052
test_1249,0.8010285,0.057694457,0.0070520225,0.134225
test_1250,0.8137379,0.058936134,0.00744641,0.119879514
test_1251,0.80028605,0.05901994,0.007248885,0.13344514
test_1252,0.8189645,0.057501994,0.0071902354,0.11634328
test_1253,0.7978758,0.05913547,0.0073942025,0.13559453
test_1254,0.80183554,0.05942076,0.00729559,0.13144802
test_1255,0.7967574,0.05886881,0.0072020823,0.1371717
test_1256,0.8039362,0.06169865,0.007738076,0.12662701
test_1257,0.7985298,0.05811587,0.007177761,0.13617657
test_1258,0.8216167,0.054188393,0.0066552977,0.117539644
test_1259,0.80398446,0.05932948,0.0072298236,0.12945627
test_1260,0.79986286,0.0588845,0.0072004,0.13405223
test_1261,0.8010205,0.058943562,0.0071815094,0.1328544
test_1262,0.8044904,0.05676909,0.006770316,0.13197029
test_1263,0.83468735,0.05153139,0.0062672156,0.107514106
test_1264,0.7987728,0.05845814,0.007074123,0.13569497
test_1265,0.809011,0.06309215,0.008049063,0.11984786
test_1266,0.8074011,0.05734961,0.007221229,0.12802799
test_1267,0.8011743,0.0582352,0.007020319,0.13357024
test_1268,0.8221508,0.057311542,0.008336416,0.11220123
test_1269,0.7952702,0.05951339,0.007370716,0.13784562
test_1270,0.817437,0.057814073,0.00743951,0.11730944
test_1271,0.8154751,0.06004278,0.008032363,0.11644977
test_1272,0.8160889,0.058243435,0.007138205,0.11852946
test_1273,0.80750835,0.058691688,0.0071437666,0.1266562
test_1274,0.80014855,0.058684498,0.0071685733,0.13399841
test_1275,0.8022372,0.058706217,0.007140207,0.13191636
test_1276,0.80119234,0.058092557,0.0070715686,0.13364354
test_1277,0.8031212,0.05736306,0.006969244,0.1325465
test_1278,0.80760455,0.05943286,0.007360935,0.12560157
test_1279,0.8131424,0.05937336,0.0073476774,0.120136596
test_1280,0.7994905,0.059967235,0.007387696,0.13315454
test_1281,0.8026508,0.05808312,0.007732526,0.13153353
test_1282,0.8065262,0.058941152,0.0072274306,0.12730516
test_1283,0.7978202,0.059038654,0.0071750563,0.13596603
test_1284,0.7999421,0.05919529,0.00718267,0.1336799
test_1285,0.8026619,0.057235334,0.006897369,0.1332054
test_1286,0.8005977,0.058023512,0.006998531,0.13438028
test_1287,0.80484694,0.06009109,0.007455474,0.12760653
test_1288,0.81900316,0.05983675,0.007652977,0.11350707
test_1289,0.8019217,0.05887424,0.0073114256,0.13189258
test_1290,0.8056513,0.06077349,0.007668631,0.1259066
test_1291,0.7978336,0.059249025,0.007254281,0.13566306
test_1292,0.8048514,0.060060106,0.007319018,0.12776946
test_1293,0.80852634,0.05737504,0.006911923,0.1271867
test_1294,0.8004349,0.057630595,0.00706945,0.1348651
test_1295,0.7994784,0.05970721,0.0073351734,0.13347921
test_1296,0.8117758,0.058439855,0.0070514753,0.12273282
test_1297,0.8277355,0.056594007,0.0075651,0.10810541
test_1298,0.79590315,0.062438957,0.008245153,0.1334128
test_1299,0.80503243,0.05836244,0.007178813,0.1294263
test_1300,0.8141022,0.06026047,0.008046997,0.11759042
test_1301,0.79766613,0.059922375,0.007399104,0.13501234
test_1302,0.8151162,0.05861913,0.00809716,0.11816752
test_1303,0.80709815,0.058252458,0.0071441913,0.12750517
test_1304,0.8025608,0.060768448,0.007813657,0.12885712
test_1305,0.80414784,0.058071733,0.0070767365,0.13070378
test_1306,0.79948413,0.05839965,0.0071400353,0.13497622
test_1307,0.802357,0.059534714,0.0073321043,0.13077617
test_1308,0.8165034,0.056835722,0.0075986236,0.119062275
test_1309,0.79877234,0.060132142,0.0074579623,0.13363762
test_1310,0.8150688,0.057487357,0.0070767077,0.12036723
test_1311,0.81790143,0.057644807,0.0072523993,0.11720142
test_1312,0.7946243,0.059381578,0.0073557277,0.13863845
test_1313,0.7992004,0.05978922,0.007356293,0.13365406
test_1314,0.8130165,0.064311154,0.008413164,0.11425915
test_1315,0.80602187,0.05977017,0.007540398,0.12666759
test_1316,0.7977382,0.059213426,0.007289334,0.13575903
test_1317,0.8168692,0.05868308,0.007756801,0.11669093
test_1318,0.8157913,0.05731565,0.007865514,0.11902748
test_1319,0.80581784,0.058365416,0.0075820526,0.12823474
test_1320,0.8062998,0.059642557,0.0074561974,0.1266014
test_1321,0.8042785,0.05892049,0.0072767264,0.12952426
test_1322,0.7983726,0.058709458,0.0073076296,0.13561034
test_1323,0.8048036,0.058782797,0.007219498,0.12919408
test_1324,0.8164037,0.060309134,0.0081915,0.11509574
test_1325,0.80467033,0.062589586,0.007998956,0.12474106
test_1326,0.79830796,0.059418164,0.0073551214,0.13491876
test_1327,0.8056641,0.06086428,0.0075350716,0.12593658
test_1328,0.813469,0.058845423,0.0070855496,0.12060009
test_1329,0.81162775,0.058750007,0.007452241,0.12216998
test_1330,0.79862314,0.059412636,0.00731539,0.13464884
test_1331,0.8031729,0.06040992,0.0075620497,0.12885514
test_1332,0.81640565,0.059892762,0.008070947,0.11563069
test_1333,0.8018903,0.058798894,0.007208937,0.1321018
test_1334,0.79845834,0.059220448,0.007235534,0.13508576
test_1335,0.81047565,0.05950014,0.007434758,0.12258945
test_1336,0.81059283,0.056417372,0.007645872,0.1253439
test_1337,0.8088217,0.06115499,0.007682845,0.12234056
test_1338,0.8088025,0.05869595,0.0073550385,0.12514657
test_1339,0.8072085,0.056695025,0.0070472606,0.12904917
test_1340,0.8048335,0.058833,0.0072928183,0.12904067
test_1341,0.80619955,0.059134394,0.0072340486,0.127432
test_1342,0.8111249,0.056184206,0.0070045213,0.12568632
test_1343,0.82482773,0.051107023,0.0064321044,0.117633134
test_1344,0.7977065,0.058075186,0.0071750255,0.13704328
test_1345,0.79804593,0.05928163,0.0072208117,0.13545166
test_1346,0.81413925,0.05892073,0.0086900825,0.11824998
test_1347,0.7999421,0.057259336,0.0069292192,0.13586935
test_1348,0.81924266,0.056922212,0.007319804,0.11651535
test_1349,0.80307144,0.059883602,0.00736489,0.12968002
test_1350,0.8200856,0.056167036,0.0064763273,0.11727109
test_1351,0.80563796,0.05692478,0.0069059664,0.13053134
test_1352,0.80205315,0.059695855,0.0073133176,0.13093771
test_1353,0.8212425,0.05999162,0.008554214,0.11021167
test_1354,0.80457336,0.06003603,0.0078119584,0.12757863
test_1355,0.8037673,0.06062031,0.0075582345,0.12805408
test_1356,0.7955793,0.059275355,0.0072683976,0.13787694
test_1357,0.81313044,0.057991188,0.008060028,0.12081843
test_1358,0.810227,0.05853984,0.0071646953,0.12406849
test_1359,0.7978758,0.05911161,0.0072596027,0.13575296
test_1360,0.80976707,0.05664349,0.007022223,0.12656721
test_1361,0.8072279,0.057948668,0.007284268,0.1275392
test_1362,0.82147574,0.053423256,0.0077718147,0.11732911
test_1363,0.80003357,0.060725603,0.007735855,0.13150501
test_1364,0.82435316,0.05895783,0.007525352,0.10916367
test_1365,0.8073519,0.059107523,0.0072612897,0.12627932
test_1366,0.8067802,0.05806868,0.0072383857,0.1279127
test_1367,0.8027298,0.057918165,0.0069919704,0.1323601
test_1368,0.8124667,0.05766332,0.00866932,0.12120063
test_1369,0.7968586,0.05883746,0.0072257463,0.13707818
test_1370,0.79801863,0.06106113,0.0076387627,0.13328153
test_1371,0.8118152,0.059392817,0.0076012323,0.121190764
test_1372,0.79946995,0.058912657,0.0072005084,0.13441682
test_1373,0.79842716,0.060189478,0.007465596,0.13391775
test_1374,0.7991591,0.059555393,0.0075339098,0.13375156
test_1375,0.8142894,0.058378838,0.0072485264,0.12008334
test_1376,0.8106729,0.059873596,0.007679879,0.12177362
test_1377,0.7965349,0.059337016,0.007328883,0.1367992
test_1378,0.80174595,0.059919674,0.0073985998,0.13093576
test_1379,0.8115147,0.057760734,0.007023389,0.12370123
test_1380,0.8019999,0.058679733,0.0071803685,0.13214001
test_1381,0.8000473,0.058864683,0.007263418,0.13382468
test_1382,0.8008978,0.059982214,0.0073388326,0.1317812
test_1383,0.81521994,0.061497934,0.007951871,0.11533036
test_1384,0.80392367,0.05930998,0.00745403,0.12931237
test_1385,0.8167222,0.05659258,0.007116997,0.11956818
test_1386,0.81065065,0.059081808,0.007390443,0.12287716
test_1387,0.8050251,0.059889846,0.007472149,0.12761289
test_1388,0.7973369,0.05846759,0.0072339657,0.13696158
test_1389,0.8020227,0.05836901,0.007108882,0.13249941
test_1390,0.79914224,0.058906846,0.0072219064,0.13472904
test_1391,0.823416,0.055087663,0.007052035,0.11444435
test_1392,0.8448668,0.048960596,0.007063405,0.099109285
test_1393,0.80465585,0.058541954,0.0070766397,0.12972558
test_1394,0.80173415,0.059273105,0.0073074615,0.1316853
test_1395,0.79910845,0.05813499,0.007095511,0.13566104
test_1396,0.7975605,0.058644146,0.0071584033,0.13663699
test_1397,0.8060731,0.06326221,0.0080179535,0.12264671
test_1398,0.82533413,0.054986972,0.008257014,0.11142186
test_1399,0.80235475,0.060221076,0.00751272,0.12991147
test_1400,0.8077581,0.057311147,0.0072142626,0.12771648
test_1401,0.8138895,0.057745907,0.007136741,0.121227846
test_1402,0.8134078,0.06035576,0.007506023,0.11873043
test_1403,0.8013793,0.05960624,0.00734328,0.13167116
test_1404,0.7997957,0.058263693,0.007060545,0.13488013
test_1405,0.8032541,0.059728857,0.007328681,0.12968832
test_1406,0.80221874,0.05966479,0.007292963,0.13082358
test_1407,0.80295616,0.058118455,0.0070778127,0.13184758
test_1408,0.8160942,0.05741692,0.0072714095,0.119217426
test_1409,0.80519366,0.059078105,0.0074207555,0.12830748
test_1410,0.7993655,0.058017105,0.0070229634,0.13559447
test_1411,0.80476695,0.06120632,0.0076891677,0.12633763
test_1412,0.800214,0.057475343,0.0070137936,0.13529688
test_1413,0.80047923,0.05723493,0.0069599417,0.13532588
test_1414,0.801813,0.05612999,0.006702657,0.13535431
test_1415,0.80146235,0.05875672,0.0073480867,0.13243279
test_1416,0.8013403,0.057707835,0.0070216497,0.13393024
test_1417,0.81123275,0.059826218,0.007657982,0.1212831
test_1418,0.7988563,0.058374465,0.007152932,0.13561626
test_1419,0.8005228,0.059296668,0.007898108,0.13228235
test_1420,0.80586547,0.06093098,0.0077703386,0.12543322
test_1421,0.811424,0.059985016,0.0074563767,0.121134564
test_1422,0.8082772,0.05785676,0.0076903137,0.1261758
test_1423,0.80600274,0.059063207,0.007416777,0.12751733
test_1424,0.81069905,0.058471702,0.007310364,0.123518795
test_1425,0.8050162,0.057666067,0.00699566,0.13032205
test_1426,0.8104985,0.058960915,0.007085495,0.12345512
test_1427,0.7976204,0.058970027,0.0072717997,0.13613784
test_1428,0.8290148,0.05760062,0.007308574,0.10607612
test_1429,0.8076152,0.058512796,0.0071977726,0.1266742
test_1430,0.80876845,0.06074645,0.007745137,0.12273992
test_1431,0.800589,0.058957007,0.0071781073,0.13327588
test_1432,0.80197376,0.056449715,0.006821722,0.13475484
test_1433,0.8060594,0.059643928,0.0076497057,0.126647
test_1434,0.80631316,0.059926134,0.007482049,0.1262787
test_1435,0.7982809,0.059793636,0.0073094694,0.13461597
test_1436,0.7998048,0.059101682,0.0073571056,0.13373645
test_1437,0.7999205,0.059221085,0.0072136302,0.1336448
test_1438,0.8165231,0.057422213,0.008609173,0.11744553
test_1439,0.8013252,0.05794186,0.0070823603,0.13365054
test_1440,0.80835104,0.05641542,0.006641386,0.1285922
test_1441,0.8025363,0.058556378,0.0070932503,0.13181399
test_1442,0.8021324,0.058489162,0.007066814,0.13231152
test_1443,0.8019204,0.05848141,0.007126995,0.13247116
test_1444,0.8170801,0.059289988,0.007713739,0.11591623
test_1445,0.79885477,0.05804557,0.0070622833,0.1360374
test_1446,0.80310625,0.058803722,0.007142341,0.13094766
test_1447,0.80059737,0.057972655,0.0072157253,0.13421424
test_1448,0.80308557,0.059847374,0.00737152,0.12969553
test_1449,0.8099609,0.05772984,0.0072080162,0.12510125
test_1450,0.7971498,0.057323672,0.0071541513,0.1383725
test_1451,0.8081691,0.059593365,0.007334593,0.12490299
test_1452,0.8031435,0.05839833,0.007204407,0.1312538
test_1453,0.8098713,0.057400517,0.0069502736,0.12577786
test_1454,0.81160724,0.057470042,0.0071858414,0.12373684
test_1455,0.8048941,0.057651617,0.0073314016,0.13012293
test_1456,0.80408424,0.061732184,0.007919677,0.12626393
test_1457,0.8156194,0.0585542,0.0075055263,0.1183209
test_1458,0.81582254,0.05893061,0.0072744745,0.11797231
test_1459,0.8064698,0.05824969,0.0072392556,0.12804122
test_1460,0.80380696,0.058424376,0.0072933794,0.13047531
test_1461,0.797706,0.057637494,0.0070001376,0.1376563
test_1462,0.8001013,0.057716545,0.006942492,0.13523977
test_1463,0.7971819,0.059659164,0.0073468694,0.1358121
test_1464,0.8037264,0.05942908,0.0072673527,0.12957713
test_1465,0.80485296,0.05892127,0.0073594847,0.12886627
test_1466,0.8082149,0.05937671,0.0071859066,0.12522238
test_1467,0.8068195,0.060521,0.007693818,0.12496563
test_1468,0.8229299,0.054079644,0.008270779,0.114719614
test_1469,0.80917734,0.057481356,0.008018728,0.12532258
test_1470,0.79847914,0.058684293,0.0071763196,0.13566032
test_1471,0.8018708,0.058143053,0.007097213,0.13288894
test_1472,0.821802,0.05419257,0.0070241448,0.11698123
test_1473,0.7960071,0.059775323,0.007384025,0.1368335
test_1474,0.7986971,0.058086395,0.007096425,0.13612005
test_1475,0.80997497,0.05952288,0.0074351155,0.12306702
test_1476,0.8245531,0.055046443,0.006465714,0.11393481
test_1477,0.7969067,0.058918815,0.007254406,0.13692003
test_1478,0.7994638,0.05910975,0.00719658,0.13422996
test_1479,0.8121505,0.05484303,0.0063705696,0.126636
test_1480,0.8022476,0.06038756,0.0074622924,0.12990257
test_1481,0.8223177,0.055754382,0.0077518118,0.114176065
test_1482,0.8031801,0.057240866,0.006881231,0.13269778
test_1483,0.82078147,0.05650199,0.007742518,0.11497405
test_1484,0.79747194,0.056164365,0.006771553,0.13959216
test_1485,0.81190634,0.05844638,0.007618633,0.122028716
test_1486,0.8301337,0.056736726,0.00758064,0.10554891
test_1487,0.8060588,0.059476525,0.0074444734,0.12702021
test_1488,0.79984707,0.058394145,0.0070873634,0.13467142
test_1489,0.80054945,0.058568276,0.0075817956,0.1333005
test_1490,0.7989527,0.062691584,0.0085028885,0.12985277
test_1491,0.79866505,0.05998258,0.0074009304,0.1339515
test_1492,0.8055849,0.057826117,0.0071791513,0.12940982
test_1493,0.8055865,0.056493856,0.006871087,0.13104856
test_1494,0.8019841,0.059489988,0.007286669,0.13123931
test_1495,0.8043634,0.060249433,0.007437322,0.12794979
test_1496,0.8030892,0.05900337,0.007495697,0.13041173
test_1497,0.8013445,0.057444602,0.0069143483,0.13429657
test_1498,0.80172,0.05758904,0.007043307,0.1336477
test_1499,0.81041944,0.059338473,0.0072222045,0.123019926
test_1500,0.7988905,0.05922502,0.007133891,0.13475057
test_1501,0.807189,0.05840177,0.0071100467,0.12729926
test_1502,0.81043184,0.05889909,0.007206531,0.12346256
test_1503,0.8030592,0.058804747,0.0071469718,0.13098902
test_1504,0.80131096,0.059534587,0.0072958167,0.1318586
test_1505,0.8033263,0.06084173,0.007591479,0.12824045
test_1506,0.80073434,0.05788801,0.006976216,0.13440149
test_1507,0.8085512,0.055640414,0.006564735,0.12924363
test_1508,0.8048904,0.060323503,0.0076417564,0.12714429
test_1509,0.7998747,0.058268335,0.0071526594,0.13470432
test_1510,0.8141342,0.059231706,0.00810986,0.118524246
test_1511,0.8027078,0.05832857,0.0070613804,0.13190229
test_1512,0.8001624,0.058200788,0.007044831,0.13459195
test_1513,0.8101702,0.057641637,0.007115328,0.12507285
test_1514,0.80299854,0.058779657,0.007112869,0.13110884
test_1515,0.79697263,0.05979169,0.0074412078,0.13579445
test_1516,0.8035801,0.062035482,0.007983906,0.12640049
test_1517,0.82689124,0.058011204,0.0067274165,0.108370245
test_1518,0.7990691,0.058369357,0.0072105075,0.1353511
test_1519,0.81876737,0.059068244,0.007562173,0.114602245
test_1520,0.8033529,0.060629316,0.007524656,0.1284931
test_1521,0.8203699,0.05357065,0.0064705913,0.119588904
test_1522,0.8051499,0.056934673,0.006869937,0.13104548
test_1523,0.8053399,0.061178233,0.0077767437,0.12570506
test_1524,0.806561,0.060400374,0.0073912265,0.12564741
test_1525,0.80515385,0.06052947,0.007500655,0.12681606
test_1526,0.80068696,0.059518844,0.0073028207,0.13249142
test_1527,0.79647994,0.06033408,0.007705633,0.13548036
test_1528,0.82250845,0.058650997,0.008019438,0.11082122
test_1529,0.8159003,0.059755046,0.0076840213,0.11666064
test_1530,0.80077577,0.058185272,0.0071371235,0.13390182
test_1531,0.79980844,0.057392355,0.00690575,0.13589337
test_1532,0.79956627,0.0594807,0.007245591,0.1337074
test_1533,0.80754673,0.058839776,0.0074851,0.12612839
test_1534,0.8046567,0.058716364,0.007082515,0.12954442
test_1535,0.80457234,0.059522673,0.0072421967,0.12866278
test_1536,0.8047651,0.05916742,0.0073723886,0.12869506
test_1537,0.8014289,0.05880945,0.007191067,0.13257056
test_1538,0.81790173,0.059236906,0.008029308,0.11483197
test_1539,0.81340605,0.061135337,0.007971764,0.117486805
test_1540,0.87002474,0.055206086,0.006034082,0.068735115
test_1541,0.8182167,0.057898723,0.007204043,0.1166806
test_1542,0.8195114,0.05384056,0.0068465974,0.119801395
test_1543,0.8045952,0.058307577,0.007373929,0.12972334
test_1544,0.8075069,0.05724169,0.0070956354,0.12815574
test_1545,0.8248126,0.0569697,0.0068423133,0.111375354
test_1546,0.8032839,0.061800648,0.0077350275,0.12718044
test_1547,0.79828113,0.058402713,0.0071096565,0.1362065
test_1548,0.7987133,0.05812341,0.007544777,0.13561845
test_1549,0.798465,0.058132745,0.0070423842,0.13635987
test_1550,0.8003292,0.058379993,0.0070624053,0.13422835
test_1551,0.7991029,0.058147125,0.007130539,0.13561943
test_1552,0.80143386,0.060816035,0.0075298324,0.13022032
test_1553,0.79785717,0.058917053,0.0071832584,0.13604255
test_1554,0.81173676,0.060112394,0.0074244183,0.12072645
test_1555,0.8030003,0.058912743,0.0071663274,0.13092062
test_1556,0.80644786,0.059820764,0.00776254,0.12596883
test_1557,0.81026673,0.05949147,0.00736019,0.12288166
test_1558,0.80743325,0.058263015,0.007345183,0.12695849
test_1559,0.8079516,0.059619818,0.007443373,0.12498519
test_1560,0.80320346,0.06027921,0.0081479885,0.12836936
test_1561,0.8074096,0.062230367,0.008159188,0.12220092
test_1562,0.808301,0.056642357,0.006685896,0.12837072
test_1563,0.8099839,0.05786523,0.0072911894,0.12485967
test_1564,0.81304723,0.057691563,0.0076288297,0.1216324
test_1565,0.80543905,0.059854433,0.007306805,0.12739971
test_1566,0.79874486,0.05913812,0.0072723078,0.13484462
test_1567,0.8185841,0.057333928,0.008004796,0.11607724
test_1568,0.80618227,0.058139633,0.0070382752,0.12863985
test_1569,0.80283725,0.06156001,0.0076930057,0.12790972
test_1570,0.8085057,0.061339453,0.0075784326,0.12257643
test_1571,0.79215544,0.05915751,0.007491956,0.14119504
test_1572,0.81801736,0.05952909,0.0075862966,0.11486724
test_1573,0.8041944,0.060913663,0.008300784,0.12659109
test_1574,0.8083944,0.05647775,0.0067374483,0.12839043
test_1575,0.79877186,0.059619725,0.0073011564,0.13430731
test_1576,0.7982263,0.058383208,0.0070786667,0.13631175
test_1577,0.8001088,0.058826454,0.007166201,0.13389857
test_1578,0.802711,0.057069015,0.0068069217,0.13341308
test_1579,0.7979855,0.058356203,0.007185442,0.13647282
test_1580,0.8058245,0.05749717,0.0072478843,0.1294304
test_1581,0.7985512,0.0588816,0.007194483,0.1353728
test_1582,0.80223554,0.05916727,0.0073343473,0.13126285
test_1583,0.79940224,0.058974333,0.0071967132,0.13442673
test_1584,0.8047621,0.059776988,0.007377622,0.12808323
test_1585,0.8004731,0.058646172,0.0071145725,0.1337662
test_1586,0.80314064,0.057842795,0.006893481,0.13212311
test_1587,0.81799,0.059419785,0.007899408,0.11469077
test_1588,0.80383724,0.059893947,0.0078298785,0.12843896
test_1589,0.79768044,0.058488145,0.0072226934,0.13660872
test_1590,0.8057264,0.05605703,0.007096714,0.13111982
test_1591,0.8079939,0.05735261,0.0068492503,0.12780425
test_1592,0.8020193,0.058991183,0.0072384095,0.13175105
test_1593,0.79901695,0.058792856,0.007169794,0.13502045
test_1594,0.80033326,0.058963925,0.0071233255,0.13357951
test_1595,0.79957217,0.060799833,0.007573594,0.13205436
test_1596,0.81682235,0.06886688,0.010091904,0.10421879
test_1597,0.803249,0.058807217,0.007140304,0.1308035
test_1598,0.81366307,0.058679253,0.0072727934,0.12038497
test_1599,0.8059566,0.059962474,0.0074158604,0.12666513
test_1600,0.8062467,0.05937442,0.0075227823,0.12685613
test_1601,0.7991832,0.05841133,0.0071077463,0.13529773
test_1602,0.79601896,0.058280356,0.0070594363,0.13864122
test_1603,0.80140865,0.060868476,0.0076725995,0.1300503
test_1604,0.8032218,0.060590625,0.0075072986,0.12868029
test_1605,0.8066467,0.06008771,0.007306976,0.12595853
test_1606,0.8255728,0.057579625,0.007534578,0.10931299
test_1607,0.8082185,0.056937337,0.0067029875,0.12814125
test_1608,0.8011803,0.05917405,0.007260692,0.1323849
test_1609,0.79913646,0.05900349,0.0072116065,0.13464849
test_1610,0.8011911,0.060461316,0.007691746,0.13065581
test_1611,0.81356543,0.056037392,0.0068461555,0.123551026
test_1612,0.7989146,0.05954789,0.007361894,0.13417563
test_1613,0.80063695,0.058440465,0.0070711905,0.1338514
test_1614,0.80695796,0.05981799,0.0074020294,0.125822
test_1615,0.7949641,0.062865384,0.00844183,0.1337287
test_1616,0.80384225,0.058388826,0.0070375362,0.13073137
test_1617,0.7943905,0.059425037,0.007312945,0.13887154
test_1618,0.8044148,0.059562128,0.0072484757,0.1287746
test_1619,0.8070925,0.060664076,0.0074208933,0.12482252
test_1620,0.8144382,0.06258477,0.009560035,0.11341698
test_1621,0.79506904,0.059163243,0.007300376,0.13846731
test_1622,0.8098623,0.059378333,0.0074404823,0.12331886
test_1623,0.80059624,0.057950243,0.006967674,0.1344858
test_1624,0.79640955,0.06038308,0.0076205367,0.13558684
test_1625,0.79791975,0.058885884,0.0072157816,0.13597855
test_1626,0.798356,0.058694363,0.0071444996,0.13580517
test_1627,0.7988707,0.05799424,0.0070856987,0.1360494
test_1628,0.8094336,0.059213735,0.0072634,0.12408927
test_1629,0.81442636,0.057545472,0.008027868,0.12000021
test_1630,0.8066041,0.059985742,0.0074091023,0.12600116
test_1631,0.8076283,0.058391076,0.0071564354,0.12682422
test_1632,0.80189383,0.05808988,0.007084115,0.13293219
test_1633,0.8124479,0.05723156,0.0071697175,0.123150796
test_1634,0.79882795,0.059068155,0.007257547,0.13484642
test_1635,0.8001678,0.060023803,0.0073790625,0.13242935
test_1636,0.7933642,0.058579925,0.0072255507,0.14083023
test_1637,0.80636525,0.05952151,0.0072925766,0.12682064
test_1638,0.8014026,0.06019353,0.0078573115,0.13054661
test_1639,0.7979971,0.05885547,0.007209255,0.13593814
test_1640,0.8059401,0.058567382,0.007188895,0.12830365
test_1641,0.82227975,0.053822745,0.007149349,0.116748095
test_1642,0.80304235,0.05798777,0.0069609424,0.13200894
test_1643,0.79679245,0.05987881,0.007465489,0.1358633
test_1644,0.8002741,0.0594797,0.007351859,0.13289444
test_1645,0.81634986,0.05792012,0.0077112606,0.118018724
test_1646,0.7969186,0.05899263,0.0071937116,0.13689508
test_1647,0.79722923,0.059280265,0.007302305,0.1361882
test_1648,0.79844177,0.059208773,0.0072903936,0.13505898
test_1649,0.8028653,0.058728274,0.00738798,0.13101839
test_1650,0.8020864,0.059524722,0.0074188043,0.13097006
test_1651,0.7997108,0.058394205,0.007098842,0.13479614
test_1652,0.8281541,0.05622605,0.0068879067,0.10873193
test_1653,0.8092191,0.061593886,0.008322985,0.120864026
test_1654,0.8022074,0.057685677,0.007059576,0.13304736
test_1655,0.80593735,0.057994176,0.007083674,0.12898475
test_1656,0.7972517,0.05981799,0.007999382,0.13493097
test_1657,0.80305916,0.05971508,0.0073681744,0.12985761
test_1658,0.79915947,0.060184453,0.007378339,0.13327773
test_1659,0.79866046,0.05999967,0.0074837655,0.13385615
test_1660,0.80023384,0.057765715,0.006987266,0.13501328
test_1661,0.79905784,0.05849248,0.007082876,0.13536683
test_1662,0.8007797,0.059223704,0.0071156654,0.13288088
test_1663,0.81282645,0.054915696,0.006368006,0.1258899
test_1664,0.80426747,0.05964013,0.0074660494,0.12862633
test_1665,0.8045614,0.05699714,0.0067937067,0.1316478
test_1666,0.81750023,0.058410287,0.0076639443,0.11642549
test_1667,0.80974287,0.05658667,0.0068436335,0.12682684
test_1668,0.79706365,0.05841066,0.0072735776,0.13725212
test_1669,0.8008687,0.059308585,0.0071544005,0.1326683
test_1670,0.7960146,0.059809014,0.0075137434,0.13666263
test_1671,0.81841725,0.05672946,0.0072621475,0.11759118
test_1672,0.802066,0.058609873,0.0070907134,0.13223335
test_1673,0.8037124,0.059171315,0.007260085,0.12985614
test_1674,0.80091023,0.05852708,0.007188801,0.1333739
test_1675,0.8006408,0.05916799,0.0074075204,0.1327836
test_1676,0.8105691,0.060899626,0.0075185867,0.12101273
test_1677,0.8011973,0.060763065,0.007597112,0.13044252
test_1678,0.8091582,0.059317943,0.008650517,0.12287333
test_1679,0.7998943,0.058994383,0.0073702154,0.13374114
test_1680,0.8053669,0.05858257,0.0070423833,0.12900822
test_1681,0.8022018,0.058271963,0.0070279553,0.13249828
test_1682,0.8048195,0.059187956,0.0072742812,0.12871829
test_1683,0.8032418,0.05759526,0.007062048,0.13210091
test_1684,0.83235025,0.05591531,0.0064514144,0.105283014
test_1685,0.7997892,0.058217622,0.0070418706,0.13495132
test_1686,0.7965908,0.058920212,0.007381681,0.13710731
test_1687,0.8078101,0.059583727,0.007994998,0.12461121
test_1688,0.80472815,0.060860083,0.0074225864,0.12698916
test_1689,0.80424947,0.058159575,0.0069973627,0.13059364
test_1690,0.8207878,0.057842344,0.007703726,0.11366614
test_1691,0.8110212,0.06080108,0.0075807413,0.120596945
test_1692,0.8082438,0.057282276,0.0068646064,0.12760931
test_1693,0.8082236,0.058826134,0.007566489,0.12538378
test_1694,0.81445444,0.058810852,0.00787646,0.118858255
test_1695,0.7917018,0.06978386,0.013354205,0.12516014
test_1696,0.8100941,0.05846837,0.0071994695,0.12423803
test_1697,0.7967412,0.06042034,0.0074779587,0.13536052
test_1698,0.80767095,0.058067966,0.0077232686,0.12653778
test_1699,0.8098322,0.059622508,0.0072617014,0.123283565
test_1700,0.7971933,0.059242625,0.0072174487,0.13634665
test_1701,0.8034354,0.056723513,0.006765517,0.13307552
test_1702,0.80137575,0.05873896,0.0072512,0.13263412
test_1703,0.80410826,0.057816055,0.007227873,0.1308478
test_1704,0.80504483,0.059814252,0.0073328507,0.12780806
test_1705,0.7920725,0.06214739,0.008176041,0.13760412
test_1706,0.8108794,0.058526907,0.008036351,0.122557364
test_1707,0.8194372,0.059523247,0.007988051,0.11305146
test_1708,0.81429154,0.060666468,0.007406117,0.11763593
test_1709,0.81915295,0.062344767,0.008643233,0.10985909
test_1710,0.81269526,0.05777153,0.0069511454,0.12258206
test_1711,0.7998958,0.059598867,0.0072887894,0.13321657
test_1712,0.8073264,0.05686581,0.006795255,0.12901257
test_1713,0.8162023,0.05819352,0.0071299514,0.11847422
test_1714,0.8131975,0.05837193,0.007753556,0.12067699
test_1715,0.80728406,0.058897793,0.007084077,0.126734
test_1716,0.80089915,0.05864505,0.0071288077,0.13332699
test_1717,0.8067084,0.060742263,0.0075335815,0.12501578
test_1718,0.8145121,0.057311516,0.008144227,0.12003207
test_1719,0.7994521,0.060074184,0.0074170996,0.13305663
test_1720,0.7984144,0.05968401,0.007431484,0.13447012
test_1721,0.806115,0.056922384,0.0068342974,0.13012831
test_1722,0.8101136,0.056796618,0.006717256,0.12637255
test_1723,0.8015049,0.058788363,0.007144382,0.13256234
test_1724,0.79943675,0.06029155,0.0074376157,0.13283412
test_1725,0.79960096,0.059673253,0.007276309,0.13344942
test_1726,0.8031134,0.059070367,0.007248101,0.1305682
test_1727,0.8031319,0.057618182,0.0070717167,0.13217825
test_1728,0.806177,0.057281043,0.0077241827,0.12881775
test_1729,0.7969488,0.060271885,0.0074561196,0.13532327
test_1730,0.8078316,0.059502576,0.0079748705,0.12469097
test_1731,0.8013109,0.059607673,0.007217388,0.13186406
test_1732,0.79875916,0.05900614,0.0071097733,0.13512492
test_1733,0.80502194,0.058780354,0.0071149413,0.12908277
test_1734,0.801177,0.060554918,0.0075070746,0.1307609
test_1735,0.799659,0.0596763,0.0073520127,0.13331266
test_1736,0.79641867,0.05940304,0.0072812373,0.13689707
test_1737,0.80253273,0.056976918,0.0068736197,0.13361678
test_1738,0.83589923,0.056033593,0.007881528,0.10018567
test_1739,0.8136371,0.05753502,0.007222238,0.12160562
test_1740,0.8109049,0.061033912,0.008448122,0.119613074
test_1741,0.8004331,0.059493374,0.0073001124,0.13277338
test_1742,0.809205,0.058669187,0.0074148513,0.12471097
test_1743,0.8022196,0.06050367,0.0074655456,0.12981108
test_1744,0.81064516,0.057889704,0.006926307,0.12453891
test_1745,0.8243013,0.0561532,0.00712971,0.11241576
test_1746,0.8033134,0.058485225,0.007194392,0.13100697
test_1747,0.80482715,0.058333844,0.0075667207,0.12927227
test_1748,0.7971622,0.058104176,0.007085855,0.13764784
test_1749,0.8028728,0.058904693,0.0071989777,0.13102362
test_1750,0.8070719,0.060730834,0.0075700376,0.12462716
test_1751,0.80110073,0.05906777,0.007151271,0.13268022
test_1752,0.8005103,0.05763028,0.007116729,0.13474277
test_1753,0.8074561,0.05846418,0.0070282207,0.12705152
test_1754,0.79930025,0.05781008,0.0070208106,0.13586895
test_1755,0.8096286,0.05517919,0.0069239903,0.1282682
test_1756,0.80726665,0.05696756,0.0067810086,0.12898478
test_1757,0.80821264,0.058882106,0.0073010386,0.12560418
test_1758,0.80010486,0.057797246,0.0072068004,0.13489105
test_1759,0.80312604,0.05954783,0.007296137,0.13003002
test_1760,0.8016948,0.05893391,0.0071595334,0.13221183
test_1761,0.80317384,0.059387375,0.00730801,0.13013077
test_1762,0.80340046,0.059890825,0.0075426004,0.12916611
test_1763,0.8059165,0.058672834,0.0070609464,0.12834972
test_1764,0.8014101,0.058322355,0.007188786,0.13307875
test_1765,0.80593103,0.057774507,0.0071494603,0.12914504
test_1766,0.8032605,0.0592827,0.0071392828,0.13031745
test_1767,0.80482036,0.058212493,0.0071236105,0.1298436
test_1768,0.7998238,0.05836215,0.0070932056,0.13472085
test_1769,0.8014134,0.056441322,0.006832423,0.13531287
test_1770,0.79676074,0.060188085,0.0074165934,0.13563448
test_1771,0.797778,0.058592528,0.0071912706,0.13643819
test_1772,0.80093086,0.058115177,0.007170715,0.13378318
test_1773,0.7987175,0.058975752,0.0071737845,0.13513294
test_1774,0.8181978,0.058871713,0.0073276814,0.11560277
test_1775,0.79918486,0.059415888,0.0072692498,0.13413005
test_1776,0.8156074,0.059426267,0.007767776,0.117198534
test_1777,0.80141735,0.058892738,0.007465181,0.13222468
test_1778,0.80158204,0.05938868,0.0073142694,0.13171503
test_1779,0.8167239,0.06103105,0.008316984,0.11392799
test_1780,0.8095533,0.05951114,0.007918992,0.12301645
test_1781,0.8065315,0.05999793,0.0075758453,0.12589476
test_1782,0.80615664,0.060332637,0.007461894,0.12604882
test_1783,0.8282629,0.055075973,0.0069253636,0.10973572
test_1784,0.8052334,0.058211535,0.0071473815,0.12940766
test_1785,0.8026705,0.057552442,0.0069432156,0.13283394
test_1786,0.8085557,0.05875896,0.007477055,0.12520821
test_1787,0.7988522,0.05878898,0.0071631055,0.13519575
test_1788,0.79987335,0.059668913,0.0073393467,0.13311838
test_1789,0.8228758,0.06070625,0.00766946,0.10874853
test_1790,0.794389,0.057309248,0.006919667,0.141382
test_1791,0.8194851,0.056969017,0.006907581,0.11663824
test_1792,0.7969119,0.060020465,0.007661346,0.13540626
test_1793,0.8042768,0.059958775,0.007404446,0.12835993
test_1794,0.8219967,0.05646126,0.0070627504,0.114479244
test_1795,0.815876,0.05845836,0.007177415,0.11848826
test_1796,0.805488,0.06202948,0.008105638,0.12437688
test_1797,0.8015479,0.059199754,0.007613512,0.13163882
test_1798,0.7951287,0.059543826,0.007835348,0.13749215
test_1799,0.8025731,0.05994756,0.0074431296,0.13003622
test_1800,0.8174723,0.05855454,0.007837868,0.11613524
test_1801,0.8098189,0.057786927,0.006969291,0.12542488
test_1802,0.7986958,0.059579432,0.0072880615,0.13443667
test_1803,0.8082454,0.06130618,0.0077302316,0.12271817
test_1804,0.7996902,0.0587478,0.007201585,0.13436039
test_1805,0.7998094,0.058047228,0.0071468283,0.13499661
test_1806,0.7989623,0.058469493,0.007168736,0.1353995
test_1807,0.8006669,0.057787992,0.0072028893,0.13434227
test_1808,0.81140083,0.06120618,0.0077192867,0.11967372
test_1809,0.8053499,0.06076918,0.007977216,0.12590373
test_1810,0.8104196,0.05846225,0.007103584,0.12401455
test_1811,0.8052234,0.058422953,0.00734675,0.12900692
test_1812,0.7979305,0.060283616,0.0074875536,0.13429835
test_1813,0.82274526,0.060941692,0.008000253,0.10831276
test_1814,0.79864794,0.06035604,0.007552938,0.13344315
test_1815,0.82050437,0.057444472,0.006818838,0.11523229
test_1816,0.8110753,0.05734892,0.006782096,0.12479358
test_1817,0.8029385,0.05830542,0.007119233,0.13163684
test_1818,0.83483696,0.05556038,0.00768106,0.101921596
test_1819,0.79914385,0.060270827,0.0074937064,0.1330917
test_1820,0.79916924,0.06034579,0.0074319146,0.13305311
